,hospital_250,train_station_250,bus_station_250,park_250,place_of_worship_250,liquor_store_250,hospital_500,train_station_500,bus_station_500,park_500,place_of_worship_500,liquor_store_500,hospital_750,train_station_750,bus_station_750,park_750,place_of_worship_750,liquor_store_750,lng,lat
0,0,0,0,0,0,0,0,0,0,0,0,0,0,0,0,0,0,0,-0.122226000296422,51.420994839694
1,0,0,0,0,0,0,0,0,0,0,0,0,0,0,0,0,0,0,-0.115011554294947,51.420994839694
2,0,0,0,0,0,0,0,0,0,0,0,0,0,0,0,0,0,0,-0.107797108293472,51.420994839694
3,0,0,0,0,0,0,0,0,0,0,0,0,0,0,0,0,0,0,-0.100582662291996,51.420994839694
4,0,0,0,0,0,0,0,0,0,0,0,0,0,2,0,0,0,0,-0.0789393242875712,51.420994839694
5,0,0,0,0,0,0,0,1,0,0,0,0,0,0,0,0,0,0,-0.0861537702890463,51.420994839694
6,0,0,0,0,0,0,0,0,0,0,0,0,0,0,0,0,0,0,-0.0933682162905214,51.420994839694
7,0,0,0,0,0,0,0,0,0,0,0,0,0,1,0,0,0,0,-0.122229905497771,51.4164957389183
8,0,0,0,0,0,0,0,0,0,0,0,0,0,0,0,0,0,0,-0.115016169532905,51.4164957389183
9,0,0,0,0,0,0,0,0,0,0,0,0,0,0,0,0,0,0,-0.107802433568039,51.4164957389183
10,0,0,0,0,0,0,0,0,0,0,0,0,0,0,0,0,0,0,-0.0861612256734404,51.4164957389183
11,0,0,0,0,0,0,0,1,0,0,0,0,0,0,0,0,0,0,-0.0789474897085743,51.4164957389183
12,0,0,0,0,0,0,0,0,0,0,0,0,0,0,0,0,0,0,-0.100588697603173,51.4164957389183
13,0,0,0,0,0,0,0,0,0,0,0,0,0,0,0,0,0,0,-0.0933749616383065,51.4164957389183
14,0,0,0,0,0,0,0,1,0,0,0,0,0,0,0,0,0,0,-0.12944683579839,51.4119966381425
15,0,1,0,0,0,0,0,0,0,0,0,0,0,0,0,0,0,0,-0.122233809685913,51.4119966381425
16,0,0,0,0,0,0,0,0,0,0,0,0,0,0,0,0,0,0,-0.10780775746096,51.4119966381425
17,0,0,0,0,0,0,0,0,0,0,0,0,0,1,0,0,0,0,-0.115020783573437,51.4119966381425
18,0,0,0,0,0,0,0,0,0,0,0,0,0,0,0,0,0,0,-0.100594731348483,51.4119966381425
19,0,0,0,0,0,0,0,0,0,0,0,0,0,0,0,0,0,0,-0.0933817052360068,51.4119966381425
20,0,0,0,0,0,0,0,0,0,0,0,0,0,0,0,0,0,0,-0.0861686791235302,51.4119966381425
21,0,0,0,0,0,0,0,1,0,0,0,0,0,1,0,0,0,0,-0.071742626898577,51.4119966381425
22,0,0,0,0,0,0,0,0,0,0,0,0,0,0,0,0,0,0,-0.0789556530110537,51.4119966381425
23,0,0,0,0,0,0,0,0,0,0,0,0,0,1,0,0,0,0,-0.129450029305439,51.4074975373668
24,0,0,0,0,0,0,0,0,0,0,0,0,0,0,0,0,0,0,-0.107813079972709,51.4074975373668
25,0,0,0,0,0,0,0,1,0,0,0,0,0,0,0,0,0,0,-0.122237712861196,51.4074975373668
26,0,0,0,0,0,0,0,0,0,0,0,0,0,1,0,0,0,0,-0.115025396416952,51.4074975373668
27,0,0,0,0,0,0,0,0,0,0,0,0,0,0,0,0,0,0,-0.100600763528465,51.4074975373668
28,0,0,0,0,0,0,0,0,0,0,0,0,0,0,0,0,0,0,-0.093388447084222,51.4074975373668
29,0,0,0,0,0,0,0,0,0,0,0,0,0,0,0,0,0,0,-0.0789638141957352,51.4074975373668
30,0,0,0,0,0,0,0,0,0,0,0,0,0,0,0,0,0,0,-0.0861761306399786,51.4074975373668
31,0,0,0,0,0,0,0,0,0,0,0,0,0,1,0,0,0,0,-0.0717514977514918,51.4074975373668
32,0,0,0,0,0,0,0,0,0,0,0,0,0,0,0,0,0,0,-0.129453221984069,51.402998436591
33,0,0,0,0,0,0,0,0,0,0,0,0,0,0,0,0,0,0,-0.115030008063862,51.402998436591
34,0,0,0,0,0,0,0,0,0,0,0,0,0,0,0,0,0,0,-0.122241615023965,51.402998436591
35,0,0,0,0,0,0,0,1,0,0,0,0,0,0,0,0,0,0,-0.100606794143655,51.402998436591
36,0,0,0,0,0,0,0,0,0,0,0,0,0,1,0,0,0,0,-0.107818401103758,51.402998436591
37,0,0,0,0,0,0,0,0,0,0,0,0,0,1,0,0,0,0,-0.0933951871835514,51.402998436591
38,0,0,0,0,0,0,0,0,0,0,0,0,0,0,0,0,0,0,-0.086183580223448,51.402998436591
39,0,0,0,0,0,0,0,0,0,0,0,0,0,1,0,0,0,0,-0.0645487593431375,51.402998436591
40,0,0,0,0,0,0,0,0,0,0,0,0,0,1,0,0,0,0,-0.071760366303241,51.402998436591
41,0,0,0,0,0,0,0,0,0,0,0,0,0,1,0,0,0,0,-0.0789719732633445,51.402998436591
42,0,1,0,0,0,0,0,0,0,0,0,0,0,1,0,0,0,0,-0.057337152383034,51.402998436591
43,0,0,0,0,0,0,0,2,0,0,0,0,0,0,0,0,0,0,-0.0501255454229306,51.402998436591
44,0,0,0,0,0,0,0,0,0,0,0,0,0,0,0,0,0,0,-0.122245516174569,51.3984993358152
45,0,0,0,0,0,0,0,0,0,0,0,0,0,0,0,0,0,0,-0.129456413834563,51.3984993358152
46,0,0,0,0,0,0,0,0,0,0,0,0,0,0,0,0,0,0,-0.115034618514575,51.3984993358152
47,0,0,0,0,0,0,0,0,0,0,0,0,0,1,0,0,0,0,-0.107823720854582,51.3984993358152
48,0,1,0,0,0,0,0,0,0,0,0,0,0,0,0,0,0,0,-0.100612823194588,51.3984993358152
49,0,0,0,0,0,0,0,1,0,0,0,0,0,0,0,0,0,0,-0.0934019255345944,51.3984993358152
50,0,0,0,0,0,0,0,0,0,0,0,0,0,1,0,0,0,0,-0.0861910278746007,51.3984993358152
51,0,0,0,0,0,0,0,1,0,0,0,0,0,0,0,0,0,0,-0.078980130214607,51.3984993358152
52,0,0,0,0,0,0,0,1,0,0,0,0,0,0,0,0,0,0,-0.0717692325546133,51.3984993358152
53,0,0,0,0,0,0,0,0,0,0,0,0,0,2,0,0,0,0,-0.0573474372346259,51.3984993358152
54,0,0,0,0,0,0,0,0,0,0,0,0,0,1,0,0,0,0,-0.0645583348946196,51.3984993358152
55,0,0,0,0,0,0,0,0,0,0,0,0,0,0,0,0,0,0,-0.129459604857205,51.3940002350395
56,0,0,0,0,0,0,0,0,0,0,0,0,0,0,0,0,0,0,-0.115039227769503,51.3940002350395
57,0,0,0,0,0,0,0,0,0,0,0,0,0,0,0,0,0,0,-0.122249416313354,51.3940002350395
58,0,0,0,0,0,0,0,0,0,0,0,0,0,1,0,0,0,0,-0.107829039225652,51.3940002350395
59,0,0,0,0,0,0,0,1,0,0,0,0,0,1,0,0,0,0,-0.0934086621379497,51.3940002350395
60,0,0,0,0,0,0,0,0,0,0,0,0,0,1,0,0,0,0,-0.100618850681801,51.3940002350395
61,0,0,0,0,0,0,0,1,0,0,0,0,0,0,0,0,0,0,-0.0861984735940987,51.3940002350395
62,0,0,0,0,0,0,0,1,0,0,0,0,0,1,0,0,0,0,-0.0789882850502477,51.3940002350395
63,0,0,0,0,0,0,0,1,0,0,0,0,0,0,0,0,0,0,-0.0717780965063967,51.3940002350395
64,0,0,0,0,0,0,0,0,0,0,0,0,0,0,0,0,0,0,-0.0645679079625456,51.3940002350395
65,0,0,0,0,0,0,0,0,0,0,0,0,0,1,0,0,0,0,-0.0501475308748436,51.3940002350395
66,0,0,0,0,0,0,0,0,0,0,0,0,0,1,0,0,0,0,-0.0429373423309925,51.3940002350395
67,0,0,0,0,0,0,0,0,0,0,0,0,0,0,0,0,0,0,-0.0573577194186946,51.3940002350395
68,0,1,0,0,0,0,0,0,0,0,0,0,0,1,0,0,0,0,-0.0501365395746323,51.3984993358152
69,0,0,0,0,0,0,0,0,0,0,0,0,0,0,0,0,0,0,-0.136672274663891,51.3895011342637
70,0,0,0,0,0,0,0,0,0,0,0,0,0,0,0,0,0,0,-0.129462795052278,51.3895011342637
71,0,0,0,0,0,0,0,0,0,0,0,0,0,0,0,0,0,0,-0.122253315440666,51.3895011342637
72,0,0,0,0,0,0,0,0,0,0,0,0,0,0,0,0,0,0,-0.115043835829053,51.3895011342637
73,0,0,0,0,0,0,0,0,0,0,0,0,0,0,0,0,0,0,-0.107834356217441,51.3895011342637
74,0,0,0,0,0,0,0,0,0,0,0,0,0,0,0,0,0,0,-0.100624876605828,51.3895011342637
75,0,0,0,0,0,0,0,1,0,0,0,0,0,0,0,0,0,0,-0.0862059173826035,51.3895011342637
76,0,0,0,0,0,0,0,0,0,0,0,0,0,1,0,0,0,0,-0.0789964377709911,51.3895011342637
77,0,0,0,0,0,0,0,0,0,0,0,0,0,0,0,0,0,0,-0.0717869581593786,51.3895011342637
78,0,0,0,0,0,0,0,0,0,0,0,0,0,0,0,0,0,0,-0.0645774785477661,51.3895011342637
79,0,0,0,0,0,0,0,0,0,0,0,0,0,0,0,0,0,0,-0.0573679989361536,51.3895011342637
80,0,0,0,0,0,0,0,0,0,0,0,0,0,0,0,0,0,0,-0.0429490397129287,51.3895011342637
81,0,0,0,0,0,0,0,0,0,0,0,0,0,0,0,0,0,0,-0.0501585193245412,51.3895011342637
82,0,0,0,0,0,0,0,0,0,0,0,0,0,1,0,0,0,0,-0.0357395601013162,51.3895011342637
83,0,0,0,0,0,0,0,0,0,0,0,0,0,0,0,0,0,0,-0.129465984420067,51.385002033488
84,0,0,0,0,0,0,0,0,0,0,0,0,0,0,0,0,0,0,-0.115048442693637,51.385002033488
85,0,0,0,0,0,0,0,0,0,0,0,0,0,0,0,0,0,0,-0.122257213556852,51.385002033488
86,0,0,0,0,0,0,0,0,0,0,0,0,0,1,0,0,0,0,-0.100630900967207,51.385002033488
87,0,0,0,0,0,0,0,0,0,0,0,0,0,0,0,0,0,0,-0.107839671830422,51.385002033488
88,0,0,0,0,0,0,0,0,0,0,0,0,0,0,0,0,0,0,-0.0934221301039917,51.385002033488
89,0,0,0,0,0,0,0,0,0,0,0,0,0,0,0,0,0,0,-0.0862133592407767,51.385002033488
90,0,0,0,0,0,0,0,0,0,0,0,0,0,0,0,0,0,0,-0.0790045883775616,51.385002033488
91,0,0,0,0,0,0,0,0,0,0,0,0,0,0,0,0,0,0,-0.0645870466511316,51.385002033488
92,0,0,0,0,0,0,0,0,0,0,0,0,0,0,0,0,0,0,-0.0717958175143466,51.385002033488
93,0,0,0,0,0,0,0,0,0,0,0,0,0,0,0,0,0,0,-0.0573782757879165,51.385002033488
94,0,0,0,0,0,0,0,0,0,0,0,0,0,0,0,0,0,0,-0.0501695049247015,51.385002033488
95,0,0,0,0,0,0,0,0,0,0,0,0,0,0,0,0,0,0,-0.0429607340614865,51.385002033488
96,0,0,0,0,0,0,0,0,0,0,0,0,0,0,0,0,0,0,-0.0357519631982715,51.385002033488
97,0,0,0,0,0,0,0,1,0,0,0,0,0,0,0,0,0,0,-0.093415396994216,51.3895011342637
98,0,0,0,0,0,0,0,0,0,0,0,0,0,0,0,0,0,0,-0.129469172960854,51.3805029327122
99,0,0,0,0,0,0,0,0,0,0,0,0,0,0,0,0,0,0,-0.122261110662258,51.3805029327122
100,0,0,0,0,0,0,0,0,0,0,0,0,0,0,0,0,0,0,-0.115053048363662,51.3805029327122
101,0,0,0,0,0,0,0,1,0,0,0,0,0,0,0,0,0,0,-0.107844986065066,51.3805029327122
102,0,0,0,0,0,0,0,1,0,0,0,0,0,0,0,0,1,0,-0.10063692376647,51.3805029327122
103,0,0,0,0,0,0,0,0,0,0,1,0,0,2,2,0,0,0,-0.0934288614678747,51.3805029327122
104,0,0,0,0,0,0,0,0,0,0,0,0,0,0,2,0,0,0,-0.0862207991692789,51.3805029327122
105,0,0,0,0,0,0,0,0,0,0,0,0,0,0,0,0,0,0,-0.0790127368706831,51.3805029327122
106,0,0,0,0,0,0,0,0,0,0,0,0,0,0,0,0,0,0,-0.0645966122734915,51.3805029327122
107,0,0,0,0,0,0,0,0,0,0,0,0,0,0,0,0,0,0,-0.0718046745720873,51.3805029327122
108,0,0,0,0,0,0,0,0,0,0,0,0,0,0,0,0,0,0,-0.0501804876763,51.3805029327122
109,0,0,0,0,0,0,0,0,0,0,0,0,0,0,0,0,0,0,-0.0429724253777042,51.3805029327122
110,0,0,0,0,0,0,0,0,0,0,0,0,0,0,0,0,0,0,-0.0573885499748958,51.3805029327122
111,0,0,0,0,0,0,0,0,0,0,0,0,0,0,0,0,0,0,-0.0285563007805127,51.3805029327122
112,0,0,0,0,0,0,0,0,0,0,0,0,0,0,0,0,0,0,-0.0357643630791085,51.3805029327122
113,0,0,0,0,0,0,0,0,0,0,0,0,0,0,0,0,0,0,-0.129472360674922,51.3760038319364
114,0,0,0,0,0,0,0,0,0,0,0,0,0,0,0,0,0,0,-0.12226500675723,51.3760038319364
115,0,0,0,0,0,0,0,0,0,0,0,0,0,0,0,0,0,0,-0.115057652839538,51.3760038319364
116,0,0,0,0,0,0,0,1,0,0,0,0,0,0,1,1,2,0,-0.107850298921846,51.3760038319364
117,0,0,0,0,0,0,0,1,0,2,4,0,4,1,3,2,7,0,-0.100642945004155,51.3760038319364
118,0,1,2,0,1,0,0,0,0,2,3,0,5,1,1,4,6,0,-0.0934355910864628,51.3760038319364
119,0,0,0,0,0,0,0,1,2,0,0,0,0,0,0,3,3,0,-0.0862282371687711,51.3760038319364
120,0,0,0,0,0,0,0,0,0,0,0,0,0,0,0,0,0,0,-0.0790208832510793,51.3760038319364
121,0,0,0,0,0,0,0,0,0,0,0,0,0,0,0,0,0,0,-0.0718135293333875,51.3760038319364
122,0,0,0,0,0,0,0,0,0,0,0,0,0,0,0,0,0,0,-0.0646061754156958,51.3760038319364
123,0,0,0,0,0,0,0,0,0,0,0,0,0,0,0,0,0,0,-0.0501914675803123,51.3760038319364
124,0,0,0,0,0,0,0,0,0,0,0,0,0,0,0,0,0,0,-0.0429841136626205,51.3760038319364
125,0,0,0,0,0,0,0,0,0,0,0,0,0,0,0,0,0,0,-0.0213620519095453,51.3760038319364
126,0,0,0,0,0,0,0,0,0,0,0,0,0,0,0,0,0,0,-0.0357767597449288,51.3760038319364
127,0,0,0,0,0,0,0,0,0,0,0,0,0,0,0,0,0,0,-0.028569405827237,51.3760038319364
128,0,0,0,0,0,0,0,0,0,0,0,0,0,1,0,0,0,0,-0.122268901842114,51.3715047311607
129,0,0,0,0,0,0,0,0,0,0,0,0,0,1,0,1,0,0,-0.115062256121674,51.3715047311607
130,0,0,0,0,0,0,0,0,0,1,0,0,3,0,1,2,6,1,-0.107855610401234,51.3715047311607
131,3,0,1,2,5,0,1,0,0,2,6,1,1,1,2,5,8,1,-0.100648964680794,51.3715047311607
132,0,0,0,1,0,0,0,0,0,1,1,0,2,1,2,3,7,0,-0.0862356732399137,51.3715047311607
133,0,0,0,0,0,0,0,0,0,0,0,0,0,0,0,0,0,0,-0.0573988214980041,51.3760038319364
134,2,0,0,3,3,0,3,1,3,3,6,0,0,0,0,2,11,1,-0.0934423189603537,51.3715047311607
135,0,0,0,0,0,0,0,0,0,0,0,0,0,0,0,2,0,0,-0.0790290275194735,51.3715047311607
136,0,0,0,0,0,0,0,0,0,1,0,0,0,0,0,2,0,0,-0.0718223817990335,51.3715047311607
137,0,0,0,0,0,0,0,0,0,0,0,0,0,0,0,1,0,0,-0.0574090903581533,51.3715047311607
138,0,0,0,0,0,0,0,0,0,0,0,0,0,0,0,0,0,0,-0.0502024446377132,51.3715047311607
139,0,0,0,0,0,0,0,0,0,0,0,0,0,0,0,0,0,0,-0.0429957989172731,51.3715047311607
140,0,0,0,0,0,0,0,0,0,0,0,0,0,0,0,0,0,0,-0.0357891531968331,51.3715047311607
141,0,0,0,0,0,0,0,0,0,0,0,0,0,0,0,0,0,0,-0.0213758617559529,51.3715047311607
142,0,0,0,0,0,0,0,0,0,0,0,0,0,0,0,0,0,0,-0.028582507476393,51.3715047311607
143,0,0,0,0,0,0,0,0,0,0,0,0,0,0,0,4,0,0,-0.0646157360785934,51.3715047311607
144,0,0,0,0,0,0,0,1,0,0,0,0,0,0,0,1,0,0,-0.122272795917256,51.3670056303849
145,0,1,0,1,0,0,0,0,0,0,0,0,0,0,0,0,0,0,-0.115066858210478,51.3670056303849
146,0,0,0,0,0,0,0,0,0,2,0,0,2,1,1,2,12,2,-0.1078609205037,51.3670056303849
147,0,0,0,2,7,2,3,0,4,1,10,0,2,1,0,5,12,0,-0.100654982796922,51.3670056303849
148,0,0,0,2,2,0,2,1,0,3,15,2,3,0,4,5,14,0,-0.0934490450901443,51.3670056303849
149,0,0,0,0,0,0,0,0,0,2,3,0,1,1,0,3,3,0,-0.0862431073833664,51.3670056303849
150,0,0,0,0,0,0,0,0,0,1,1,0,0,0,0,2,1,0,-0.0790371696765885,51.3670056303849
151,0,0,0,3,0,0,0,0,0,0,0,0,0,0,0,2,2,0,-0.0718312319698106,51.3670056303849
152,0,0,0,1,0,0,0,0,0,2,0,0,0,0,0,3,1,0,-0.0646252942630327,51.3670056303849
153,0,0,0,0,0,0,0,0,0,2,0,0,0,0,0,0,0,0,-0.0574193565562548,51.3670056303849
154,0,0,0,0,0,0,0,0,0,0,0,0,0,0,0,0,0,0,-0.0502134188494769,51.3670056303849
155,0,0,0,0,0,0,0,0,0,0,0,0,0,0,0,0,0,0,-0.043007481142699,51.3670056303849
156,0,0,0,0,0,0,0,0,0,0,0,0,0,0,0,0,0,0,-0.035801543435921,51.3670056303849
157,0,0,0,0,0,0,0,0,0,0,0,0,0,0,0,0,0,0,-0.0213896680223652,51.3670056303849
158,0,0,0,0,0,0,0,0,0,0,0,0,0,0,0,0,0,0,-0.0285956057291431,51.3670056303849
159,0,0,0,0,0,0,0,0,0,0,0,0,0,1,0,0,2,0,-0.122276688983001,51.3625065296092
160,0,0,0,0,0,0,0,0,0,1,0,0,0,1,0,0,5,0,-0.115071459106359,51.3625065296092
161,0,0,0,0,0,0,0,0,0,0,1,0,0,0,3,3,11,1,-0.107866229229716,51.3625065296092
162,0,1,0,1,5,0,0,0,3,1,12,1,1,0,0,4,11,0,-0.0934557694764316,51.3625065296092
163,0,0,3,0,4,0,0,1,0,2,16,1,0,0,0,2,6,1,-0.100660999353074,51.3625065296092
164,0,0,0,0,0,0,1,0,0,2,1,0,0,1,0,1,10,0,-0.0862505395997892,51.3625065296092
165,0,0,0,0,1,0,0,0,0,0,0,0,1,0,0,5,1,0,-0.0790453097231468,51.3625065296092
166,0,0,0,0,0,0,0,0,0,3,1,0,1,0,0,2,0,0,-0.064634849969862,51.3625065296092
167,0,0,0,1,1,0,0,0,0,2,0,0,1,0,0,1,1,0,-0.0718400798465044,51.3625065296092
168,0,0,0,1,0,0,0,0,0,0,0,0,0,0,0,4,0,0,-0.0574296200932196,51.3625065296092
169,0,0,0,0,0,0,0,0,0,0,0,0,0,0,0,2,0,0,-0.0502243902165772,51.3625065296092
170,0,0,0,0,0,0,0,0,0,0,0,0,0,0,0,0,0,0,-0.0358139304632924,51.3625065296092
171,0,0,0,0,0,0,0,0,0,0,0,0,0,0,0,0,0,0,-0.0214034707100076,51.3625065296092
172,0,0,0,0,0,0,0,0,0,0,0,0,0,0,0,0,0,0,-0.0141982408333652,51.3625065296092
173,0,0,0,0,0,0,0,0,0,0,0,0,0,0,0,0,0,0,-0.02860870058665,51.3625065296092
174,0,0,0,0,0,0,0,0,0,0,0,0,0,0,0,0,0,0,-0.0430191603399348,51.3625065296092
175,0,0,0,0,0,0,0,0,0,0,4,0,0,0,0,0,2,0,-0.122280581039695,51.3580074288334
176,0,0,0,0,5,0,0,0,0,1,1,0,0,0,0,0,1,0,-0.115076058809725,51.3580074288334
177,1,0,0,1,0,0,0,0,0,0,0,0,0,1,0,1,5,0,-0.0862579698898419,51.3580074288334
178,0,0,0,0,2,0,0,0,0,1,7,0,1,1,3,1,10,2,-0.0934624921198126,51.3580074288334
179,0,0,0,0,3,0,0,0,0,0,7,0,0,1,3,1,11,1,-0.100667014349783,51.3580074288334
180,0,0,0,0,0,0,0,0,0,1,2,0,0,0,0,1,9,0,-0.107871536579754,51.3580074288334
181,0,0,0,0,0,0,1,0,0,0,0,0,0,0,0,2,2,0,-0.0790534476598711,51.3580074288334
182,1,0,0,0,0,0,0,0,0,1,0,0,0,0,0,6,2,0,-0.0646444031999297,51.3580074288334
183,0,0,0,0,0,0,0,0,0,2,0,0,0,0,0,2,0,0,-0.0502353587399882,51.3580074288334
184,0,0,0,0,0,0,0,0,0,0,0,0,0,0,0,0,0,0,-0.0430308365100174,51.3580074288334
185,0,0,0,0,0,0,0,0,0,0,0,0,0,0,0,0,0,0,-0.028621792050076,51.3580074288334
186,0,0,0,0,0,0,0,0,0,0,0,0,0,0,0,0,0,0,-0.0358263142800467,51.3580074288334
187,0,0,0,0,0,0,0,0,0,0,0,0,0,0,0,0,0,0,-0.0142127475901345,51.3580074288334
188,0,0,0,0,0,0,1,0,0,0,0,0,0,0,0,1,1,0,-0.0718489254299004,51.3580074288334
189,0,0,0,0,0,0,0,0,0,0,0,0,0,0,0,0,0,0,-0.00700822536016379,51.3580074288334
190,0,0,0,0,0,0,0,0,0,0,0,0,0,0,0,0,0,0,-0.0214172698201053,51.3580074288334
191,0,0,0,0,1,0,0,0,0,1,6,0,0,0,0,0,0,0,-0.115080657320984,51.3535083280576
192,0,0,0,0,0,0,0,0,0,0,1,0,0,0,0,1,5,0,-0.122284472087684,51.3535083280576
193,0,0,0,1,1,1,0,0,1,1,9,1,0,1,1,0,4,0,-0.100673027787583,51.3535083280576
194,0,0,0,0,1,0,0,0,0,2,0,0,0,0,2,0,10,1,-0.107876842554283,51.3535083280576
195,0,0,0,0,2,1,0,0,0,0,2,1,0,1,1,2,9,0,-0.0934692130208831,51.3535083280576
196,0,0,0,0,0,0,0,0,0,1,0,0,1,0,0,1,3,1,-0.086265398254183,51.3535083280576
197,0,0,0,1,0,0,0,0,0,0,0,0,0,0,0,0,0,0,-0.0790615834874829,51.3535083280576
198,0,0,0,0,0,0,0,0,0,0,0,0,1,0,0,2,0,0,-0.0718577687207827,51.3535083280576
199,0,0,0,1,1,0,0,0,0,4,0,0,1,0,0,0,0,0,-0.0574501391873824,51.3535083280576
200,0,0,0,1,0,0,1,0,0,2,1,0,0,0,0,2,0,0,-0.0646539539540826,51.3535083280576
201,0,0,0,0,0,0,0,0,0,0,0,0,0,0,0,4,1,0,-0.0502463244206823,51.3535083280576
202,0,0,0,0,0,0,0,0,0,0,0,0,0,0,0,0,0,0,-0.0430425096539822,51.3535083280576
203,0,0,0,0,0,0,0,0,0,0,0,0,0,0,0,0,0,0,-0.035838694887282,51.3535083280576
204,0,0,0,0,0,0,0,0,0,0,0,0,0,0,0,0,0,0,-0.0286348801205819,51.3535083280576
205,0,0,0,0,0,0,0,0,0,0,0,0,0,0,0,0,0,0,-0.0214310653538817,51.3535083280576
206,0,0,0,0,0,0,0,0,0,0,0,0,0,0,0,0,0,0,-0.00702343582048146,51.3535083280576
207,0,0,0,0,0,0,0,0,0,0,0,0,0,0,0,0,0,0,-0.0142272505871816,51.3535083280576
208,0,0,0,0,0,0,0,0,0,0,0,0,0,0,0,0,0,0,-0.129491469614079,51.3490092272819
209,0,0,0,0,0,0,0,0,0,1,0,0,0,0,0,1,2,0,-0.115085254640543,51.3490092272819
210,0,0,0,3,0,0,0,0,0,1,0,0,1,0,0,2,1,0,-0.0574398809699589,51.3580074288334
211,0,1,2,1,5,0,0,1,0,0,0,1,0,0,0,2,4,1,-0.100679039667008,51.3490092272819
212,0,0,0,0,0,0,0,0,1,1,4,0,0,1,1,3,2,0,-0.107882147153775,51.3490092272819
213,0,1,0,0,0,0,0,1,1,1,4,1,0,0,1,2,5,1,-0.0934759321802397,51.3490092272819
214,0,0,0,0,0,0,0,0,0,1,0,0,0,0,0,1,0,0,-0.079069717206704,51.3490092272819
215,0,0,0,0,0,0,0,0,0,1,0,0,1,0,0,0,0,0,-0.0718666097199361,51.3490092272819
216,0,0,0,0,0,0,1,0,0,2,0,0,0,0,0,1,1,1,-0.0646635022331682,51.3490092272819
217,0,0,0,0,0,0,0,0,0,0,1,0,1,0,0,2,0,1,-0.0574603947464003,51.3490092272819
218,0,0,0,0,0,0,0,0,0,0,0,0,0,0,0,0,0,0,-0.0502572872596325,51.3490092272819
219,0,0,0,0,0,0,0,0,0,0,0,0,0,0,0,0,0,0,-0.0430541797728646,51.3490092272819
220,0,0,0,0,0,0,0,0,0,0,0,0,0,0,0,0,0,0,-0.0358510722860967,51.3490092272819
221,0,0,0,0,0,0,0,0,0,0,0,0,0,0,0,0,0,0,-0.0286479647993288,51.3490092272819
222,0,0,0,0,0,0,0,0,0,0,0,0,0,0,0,0,0,0,-0.00703864233902523,51.3490092272819
223,0,0,0,0,0,0,0,0,0,0,0,0,0,0,0,0,0,0,-0.021444857312561,51.3490092272819
224,0,0,0,0,0,0,0,0,0,0,0,0,0,0,0,0,0,0,-0.0142417498257931,51.3490092272819
225,0,0,0,0,0,0,0,0,0,0,0,0,0,0,0,0,0,0,-0.136697051939145,51.3445101265061
226,0,0,0,0,0,0,0,0,0,0,0,0,0,0,0,0,0,0,-0.129494651549034,51.3445101265061
227,0,0,0,0,0,0,0,0,0,0,0,0,0,0,0,1,0,0,-0.122292251158923,51.3445101265061
228,0,0,0,0,0,0,0,0,0,1,0,0,0,0,0,0,1,0,-0.115089850768812,51.3445101265061
229,0,0,0,0,0,0,0,0,0,1,1,0,0,1,1,0,3,0,-0.1078874503787,51.3445101265061
230,0,0,0,0,0,0,0,1,1,1,1,0,0,1,1,3,5,0,-0.100685049988589,51.3445101265061
231,0,0,0,2,0,0,0,2,0,1,0,0,0,0,1,1,5,0,-0.0934826495984779,51.3445101265061
232,0,0,0,0,0,0,0,0,0,2,0,0,0,1,0,2,0,0,-0.0862802492083667,51.3445101265061
233,0,0,0,1,0,0,0,0,0,0,0,0,0,0,0,1,0,0,-0.0790778488182555,51.3445101265061
234,0,0,0,0,0,0,1,0,0,2,0,0,0,0,0,1,0,1,-0.0718754484281443,51.3445101265061
235,1,0,0,0,0,1,0,0,0,1,0,0,0,0,0,1,0,0,-0.064673048038033,51.3445101265061
236,0,0,0,0,0,0,0,0,0,0,0,0,0,0,0,0,0,0,-0.0502682472578106,51.3445101265061
237,0,0,0,0,0,0,0,0,0,0,0,1,1,0,0,1,0,0,-0.0574706476479218,51.3445101265061
238,0,0,0,0,0,0,0,0,0,0,0,0,0,0,0,0,0,0,-0.0430658468676994,51.3445101265061
239,0,0,0,0,0,0,0,0,0,0,0,0,0,0,0,0,0,0,-0.0358634464775882,51.3445101265061
240,0,0,0,0,0,0,0,0,0,0,0,0,0,0,0,0,0,0,-0.0286610460874769,51.3445101265061
241,0,0,0,0,0,0,0,0,0,0,0,0,0,0,0,0,0,0,-0.0214586456973657,51.3445101265061
242,0,0,0,0,0,0,0,0,0,0,0,0,0,0,0,0,0,0,-0.0142562453072545,51.3445101265061
243,0,0,0,0,0,0,0,0,0,0,0,0,0,0,0,0,0,0,0.000148555472967942,51.3445101265061
244,0,0,0,0,0,0,0,0,0,0,0,0,0,0,0,0,0,0,-0.00705384491714328,51.3445101265061
245,0,0,0,0,0,0,0,0,0,0,0,0,0,1,0,1,2,1,-0.0862728246934719,51.3490092272819
246,0,0,0,0,0,0,0,0,0,0,0,0,0,0,0,0,0,0,-0.143901219612866,51.3400110257304
247,0,0,0,0,0,0,0,0,0,0,0,0,0,0,0,0,0,0,-0.151102913089533,51.3400110257304
248,0,0,0,0,0,0,0,0,0,0,0,0,0,0,0,0,0,0,-0.136699526136198,51.3400110257304
249,0,0,0,0,0,0,0,0,0,0,0,0,0,0,0,0,0,0,-0.129497832659531,51.3400110257304
250,0,0,0,0,0,0,0,0,0,0,0,0,0,1,0,0,0,0,-0.122296139182863,51.3400110257304
251,0,0,0,0,1,0,0,0,0,0,0,0,0,1,0,0,0,0,-0.107892752229528,51.3400110257304
252,0,0,0,0,0,0,0,0,0,0,0,0,0,0,0,3,1,0,-0.100691058752861,51.3400110257304
253,0,0,0,1,0,0,0,0,0,2,0,0,0,0,0,0,0,0,-0.0934893652761933,51.3400110257304
254,0,0,0,0,0,0,0,0,0,1,0,0,0,0,0,1,0,0,-0.0790859783228583,51.3400110257304
255,0,0,0,0,0,0,0,0,0,1,0,0,0,0,0,3,0,0,-0.0862876717995258,51.3400110257304
256,0,0,0,1,0,0,0,0,0,0,0,0,1,0,0,2,0,0,-0.0718842848461908,51.3400110257304
257,0,0,0,0,0,0,0,0,0,1,0,1,1,0,0,1,0,0,-0.0646825913695233,51.3400110257304
258,0,0,0,0,0,0,0,0,0,0,0,0,0,0,0,0,0,1,-0.0574808978928558,51.3400110257304
259,0,0,0,0,0,0,0,0,0,0,0,0,0,0,0,0,0,0,-0.0502792044161884,51.3400110257304
260,0,0,0,0,0,0,0,0,0,0,0,0,0,0,0,0,0,0,-0.0358758174628534,51.3400110257304
261,0,0,0,0,0,0,0,0,0,0,0,0,0,0,0,0,0,0,-0.0430775109395209,51.3400110257304
262,0,0,0,0,0,0,0,0,0,0,0,0,0,0,0,0,0,0,-0.143899452329256,51.3445101265061
263,0,0,0,0,0,0,0,0,0,0,0,0,0,0,0,0,0,0,-0.0286741239861859,51.3400110257304
264,0,0,0,0,0,0,0,0,0,0,0,0,0,0,0,0,0,0,-0.0214724305095184,51.3400110257304
265,0,0,0,0,0,0,0,1,0,0,1,0,0,0,0,0,0,0,-0.115094445706196,51.3400110257304
266,0,0,0,0,0,0,0,0,0,0,0,0,0,0,0,0,0,0,-0.0142707370328509,51.3400110257304
267,0,0,0,0,0,0,0,0,0,0,0,0,0,0,0,0,0,0,-0.0070690435561834,51.3400110257304
268,0,0,0,0,0,0,0,0,0,0,0,0,0,0,0,0,0,0,-0.136701999692225,51.3355119249546
269,0,0,0,0,0,0,0,0,0,0,0,0,0,1,0,0,0,0,-0.129501012945851,51.3355119249546
270,0,0,0,0,0,0,0,1,0,0,0,0,0,1,0,0,0,0,-0.122300026199477,51.3355119249546
271,0,1,0,0,0,0,0,0,0,0,0,0,0,0,0,0,0,0,-0.115099039453103,51.3355119249546
272,0,0,0,0,0,0,0,1,0,0,0,0,0,0,0,0,0,0,-0.100697065960355,51.3355119249546
273,0,0,0,0,0,0,0,1,0,0,0,0,0,1,0,0,1,0,-0.107898052706729,51.3355119249546
274,0,0,0,0,0,0,0,0,0,0,0,0,0,1,0,1,0,0,-0.0934960792139812,51.3355119249546
275,0,0,0,0,0,0,0,0,0,0,0,0,0,0,0,1,0,0,-0.0790941057212331,51.3355119249546
276,0,0,0,0,0,0,0,0,0,0,0,0,0,0,0,0,0,0,-0.0862950924676072,51.3355119249546
277,0,0,0,0,0,0,0,0,0,0,0,0,0,0,0,1,0,0,-0.0718931189748591,51.3355119249546
278,0,0,0,0,0,0,0,0,0,0,0,0,0,0,0,1,0,0,-0.0646921322284851,51.3355119249546
279,0,0,0,0,0,0,0,0,0,0,0,0,0,0,0,0,0,0,-0.050290158735737,51.3355119249546
280,0,0,0,0,0,0,0,0,0,0,0,0,0,0,0,0,0,0,-0.0574911454821111,51.3355119249546
281,0,0,0,0,0,0,0,0,0,0,0,0,0,0,0,0,0,0,-0.043089171989363,51.3355119249546
282,0,0,0,0,0,0,0,0,0,0,0,0,0,0,0,0,0,0,-0.0214862117502409,51.3355119249546
283,0,0,0,0,0,0,0,0,0,0,0,0,0,0,0,0,0,0,-0.035888185242989,51.3355119249546
284,0,0,0,0,0,0,0,0,0,0,0,0,0,0,0,0,0,0,-0.028687198496615,51.3355119249546
285,0,0,0,0,0,0,0,0,0,0,0,0,0,0,0,0,0,0,-0.0142852250038669,51.3355119249546
286,0,0,0,0,0,0,0,0,0,0,0,0,0,0,0,0,0,0,-0.00708423825749288,51.3355119249546
287,0,0,0,0,0,0,0,0,0,0,0,0,0,0,0,0,0,0,-0.151105033005782,51.3310128241788
288,0,0,0,0,0,0,0,0,0,0,0,0,0,0,0,0,0,0,-0.143904752806614,51.3310128241788
289,0,0,0,0,0,0,0,0,0,0,0,0,0,0,0,0,0,0,-0.136704472607446,51.3310128241788
290,0,0,0,0,0,0,0,1,0,0,0,0,0,0,0,0,0,0,-0.129504192408278,51.3310128241788
291,0,0,0,0,0,0,0,0,0,0,0,0,0,0,0,0,0,0,0.000132649920484089,51.3400110257304
292,0,1,0,0,0,0,0,0,0,0,0,0,0,0,0,0,0,0,-0.122303912209109,51.3310128241788
293,0,0,0,0,0,0,0,0,0,0,0,0,0,2,0,0,0,0,-0.115103632009941,51.3310128241788
294,0,1,0,0,0,0,0,0,0,0,0,0,0,1,0,0,0,0,-0.100703071611605,51.3310128241788
295,0,0,0,0,0,0,0,0,0,0,0,0,0,1,0,0,0,0,-0.107903351810773,51.3310128241788
296,0,0,0,0,0,0,0,0,0,0,0,0,0,0,0,0,0,0,-0.0863025112132683,51.3310128241788
297,0,0,0,0,0,0,0,0,0,0,0,0,0,0,0,0,0,0,-0.0791022310141001,51.3310128241788
298,0,0,0,0,0,0,0,0,0,0,0,0,0,0,0,0,0,0,-0.0719019508149319,51.3310128241788
299,0,0,0,0,0,0,0,0,0,0,0,0,0,0,0,0,0,0,-0.0647016706157637,51.3310128241788
300,0,0,0,0,0,0,0,0,0,0,0,0,0,0,0,0,0,0,-0.143902986438599,51.3355119249546
301,0,0,0,0,0,0,0,0,0,0,0,0,0,0,0,0,0,0,-0.0575013904165955,51.3310128241788
302,0,0,0,0,0,0,0,0,0,0,0,0,0,0,0,0,0,0,-0.0503011102174273,51.3310128241788
303,0,0,0,0,0,0,0,0,0,0,0,0,0,0,0,0,0,0,-0.0142997092215863,51.3310128241788
304,0,0,0,0,0,0,0,0,0,0,0,0,0,0,0,0,0,0,-0.0214999894207545,51.3310128241788
305,0,0,0,0,0,0,0,0,0,0,0,0,0,0,0,0,0,0,0.000100851176750069,51.3310128241788
306,0,0,0,0,0,0,0,0,0,0,0,0,0,0,0,0,0,0,-0.00709942902241813,51.3310128241788
307,0,0,0,0,0,0,0,0,0,0,0,0,0,0,0,0,0,0,-0.151106092552053,51.3265137234031
308,0,0,0,0,0,0,0,0,0,0,0,0,0,0,0,0,0,0,-0.143906518717066,51.3265137234031
309,0,0,0,0,0,0,0,0,0,0,0,0,0,1,0,0,0,0,-0.136706944882079,51.3265137234031
310,0,0,0,0,0,0,0,0,0,0,0,0,0,2,0,0,0,0,-0.129507371047091,51.3265137234031
311,0,0,0,0,0,0,0,0,0,0,0,0,0,1,0,0,0,0,-0.122307797212104,51.3265137234031
312,0,0,0,0,0,0,0,1,0,0,0,0,0,0,0,0,0,0,-0.0935027914124365,51.3310128241788
313,0,0,0,0,0,0,0,0,0,0,0,0,0,0,0,0,0,0,-0.115108223377116,51.3265137234031
314,0,0,0,0,0,0,0,0,0,0,0,0,0,1,0,0,0,0,-0.107908649542129,51.3265137234031
315,0,0,0,0,0,0,0,0,0,0,0,0,0,1,0,0,0,0,-0.0935095018721541,51.3265137234031
316,0,1,0,0,0,0,0,0,0,0,0,0,0,1,0,0,0,0,-0.100709075707142,51.3265137234031
317,0,0,0,0,0,0,0,0,0,0,0,0,0,0,0,0,0,0,-0.0863099280371667,51.3265137234031
318,0,0,0,0,0,0,0,0,0,0,0,0,0,0,0,0,0,0,-0.0719107803671919,51.3265137234031
319,0,0,0,0,0,0,0,0,0,0,0,0,0,0,0,0,0,0,-0.0575116326972171,51.3265137234031
320,0,0,0,0,0,0,0,0,0,0,0,0,0,0,0,0,0,0,-0.0647112065322045,51.3265137234031
321,0,0,0,0,0,0,0,0,0,0,0,0,0,0,0,0,0,0,-0.0791103542021793,51.3265137234031
322,0,0,0,0,0,0,0,0,0,0,0,0,0,0,0,0,0,0,-0.0503120588622296,51.3265137234031
323,0,0,0,0,0,0,0,1,0,0,0,0,0,0,0,0,0,0,-0.15830601947765,51.3220146226273
324,0,0,0,0,0,0,0,0,0,0,0,0,0,1,0,0,0,0,-0.143908284170112,51.3220146226273
325,0,1,0,0,0,0,0,0,0,0,0,0,0,1,0,0,0,0,-0.136709416516343,51.3220146226273
326,0,0,0,0,0,0,0,0,0,0,0,0,0,0,0,0,0,0,-0.122311681208804,51.3220146226273
327,0,0,0,0,0,0,0,1,0,0,0,0,0,0,0,0,0,0,-0.129510548862574,51.3220146226273
328,0,0,0,0,0,0,0,0,0,0,0,0,0,1,0,0,0,0,-0.107913945901266,51.3220146226273
329,0,0,0,0,0,0,0,0,0,0,0,0,0,0,0,0,0,0,-0.115112813555035,51.3220146226273
330,0,0,0,0,0,0,0,1,0,0,0,0,0,0,0,0,0,0,-0.100715078247497,51.3220146226273
331,0,0,0,0,0,0,0,1,0,0,0,0,0,0,0,0,0,0,-0.151107151823881,51.3220146226273
332,0,0,0,0,0,0,0,0,0,0,0,0,0,0,0,0,0,0,-0.0791184752861899,51.3220146226273
333,0,0,0,0,0,0,0,0,0,0,0,0,0,1,0,0,0,0,-0.0935162105937281,51.3220146226273
334,0,0,0,0,0,0,0,0,0,0,0,0,0,0,0,0,0,0,-0.0719196076324208,51.3220146226273
335,0,0,0,0,0,0,0,0,0,0,0,0,0,0,0,0,0,0,-0.0575218723248826,51.3220146226273
336,0,0,0,0,0,0,0,0,0,0,0,0,0,0,0,0,0,0,-0.086317342939959,51.3220146226273
337,0,0,0,0,0,0,0,0,0,0,0,0,0,0,0,0,0,0,-0.0647207399786517,51.3220146226273
338,0,0,0,0,0,0,0,0,0,0,0,0,0,0,0,0,0,0,-0.0503230046711136,51.3220146226273
339,0,0,0,0,0,0,0,1,0,0,0,0,0,0,0,0,0,0,-0.158306372476809,51.3175155218516
340,0,0,0,0,0,0,0,1,0,0,0,0,0,1,0,0,0,0,-0.143910049165908,51.3175155218516
341,0,0,0,0,0,0,0,0,0,0,0,0,0,0,0,0,0,0,-0.122315564199556,51.3175155218516
342,0,0,0,0,0,0,0,1,0,0,0,0,0,0,0,0,0,0,-0.151108210821358,51.3175155218516
343,0,0,0,0,0,0,0,0,0,0,0,0,0,2,0,0,0,0,-0.129513725855006,51.3175155218516
344,0,1,0,0,0,0,0,0,0,0,0,0,0,1,0,0,0,0,-0.136711887510457,51.3175155218516
345,0,0,0,0,0,0,0,0,0,0,0,0,0,0,0,0,0,0,-0.115117402544105,51.3175155218516
346,0,0,0,0,0,0,0,0,0,0,0,0,0,0,0,0,0,0,-0.107919240888654,51.3175155218516
347,0,0,0,0,0,0,0,0,0,0,0,0,0,0,0,0,0,0,-0.0935229175777528,51.3175155218516
348,0,0,0,0,0,0,0,0,0,0,0,0,0,0,0,0,0,0,0.000116748488881151,51.3355119249546
349,0,0,0,0,0,0,0,0,0,0,0,0,0,0,0,0,0,0,-0.0791265942668514,51.3175155218516
350,0,0,0,0,0,0,0,0,0,0,0,0,0,0,0,0,0,0,-0.0719284326114007,51.3175155218516
351,0,0,0,0,0,0,0,0,0,0,0,0,0,0,0,0,0,0,-0.06473027095595,51.3175155218516
352,0,0,0,0,0,0,0,0,0,0,0,0,0,1,0,0,0,0,-0.15830672538455,51.3130164210758
353,0,0,0,0,0,0,0,0,0,0,0,0,0,1,0,0,0,0,-0.15110926954458,51.3130164210758
354,0,0,0,0,0,0,0,0,0,0,0,0,0,1,0,0,0,0,-0.14391181370461,51.3130164210758
355,0,0,0,0,0,0,0,1,0,0,0,0,0,0,0,0,0,0,-0.13671435786464,51.3130164210758
356,0,0,0,0,0,0,0,0,0,0,0,0,0,1,0,0,0,0,-0.129516902024671,51.3130164210758
357,0,0,0,0,0,0,0,0,0,0,0,0,0,0,0,0,0,0,-0.122319446184701,51.3130164210758
358,0,0,0,0,0,0,0,0,0,0,0,0,0,0,0,0,0,0,-0.115121990344731,51.3130164210758
359,0,0,0,0,0,0,0,0,0,0,0,0,0,0,0,0,0,0,-0.100727078664792,51.3130164210758
360,0,0,0,0,0,0,0,0,0,0,0,0,0,0,0,0,0,0,-0.107924534504762,51.3130164210758
361,0,0,0,0,0,0,0,0,0,0,0,0,0,0,0,0,0,0,-0.0935296228248221,51.3130164210758
362,0,0,0,0,0,0,0,1,0,0,0,0,0,0,0,0,0,0,-0.0863321669848524,51.3130164210758
363,0,0,0,0,0,0,0,1,0,0,0,0,0,1,0,0,0,0,-0.0791347111448826,51.3130164210758
364,0,0,0,0,0,0,0,0,0,0,0,0,0,0,0,0,0,0,-0.158307078200903,51.3085173203
365,0,0,0,0,0,0,0,0,0,0,0,0,0,0,0,0,0,0,-0.151110327993639,51.3085173203
366,0,0,0,0,0,0,0,0,0,0,0,0,0,0,0,0,0,0,-0.143913577786375,51.3085173203
367,0,0,0,0,0,0,0,0,0,0,0,0,0,0,0,0,0,0,-0.129520077371848,51.3085173203
368,0,0,0,0,0,0,0,0,0,0,0,0,0,0,0,0,0,0,-0.136716827579112,51.3085173203
369,0,0,0,0,0,0,0,0,0,0,0,0,0,0,0,0,0,0,-0.115126576957321,51.3085173203
370,0,0,0,0,0,0,0,0,0,0,0,0,0,0,0,0,0,0,-0.122323327164584,51.3085173203
371,0,0,0,0,0,0,0,0,0,0,0,0,0,0,0,0,0,0,-0.107929826750057,51.3085173203
372,0,0,0,0,0,0,0,0,0,0,0,0,0,0,0,0,0,0,-0.100733076542793,51.3085173203
373,0,0,0,0,0,0,0,0,0,0,0,0,0,0,0,0,0,0,-0.0935363263355295,51.3085173203
374,0,2,0,0,0,0,0,0,0,0,0,0,0,1,0,0,0,0,-0.0791428259210022,51.3085173203
375,0,0,0,0,0,0,0,0,0,0,0,0,0,0,0,0,0,0,-0.100721079233204,51.3175155218516
376,0,0,0,0,0,0,0,0,0,0,0,0,0,0,0,0,0,0,-0.0863247559223021,51.3175155218516
377,0,0,0,0,0,0,0,0,0,0,0,0,0,0,0,0,0,0,-0.158307430925899,51.3040182195243
378,0,0,0,0,0,0,0,0,0,0,0,0,0,0,0,0,0,0,-0.143915341411359,51.3040182195243
379,0,0,0,0,0,0,0,0,0,0,0,0,0,0,0,0,0,0,-0.129523251896819,51.3040182195243
380,0,0,0,0,0,0,0,0,0,0,0,0,0,0,0,0,0,0,-0.136719296654089,51.3040182195243
381,0,0,0,0,0,0,0,0,0,0,0,0,0,0,0,0,0,0,-0.122327207139549,51.3040182195243
382,0,0,0,0,0,0,0,0,0,0,0,0,0,0,0,0,0,0,-0.115131162382279,51.3040182195243
383,0,0,0,0,0,0,0,0,0,0,0,0,0,0,0,0,0,0,-0.107935117625009,51.3040182195243
384,0,0,0,0,0,0,0,0,0,0,0,0,0,0,0,0,0,0,-0.0935430281104683,51.3040182195243
385,0,0,0,0,0,0,0,0,0,0,0,0,0,0,0,0,0,0,-0.100739072867738,51.3040182195243
386,0,0,0,0,0,0,0,0,0,0,0,0,0,1,0,0,0,0,-0.0863469833531982,51.3040182195243
387,0,0,0,0,0,0,0,0,0,0,0,0,0,0,0,0,0,0,-0.143917104579718,51.2995191187485
388,0,0,0,0,0,0,0,0,0,0,0,0,0,0,0,0,0,0,-0.151112444069645,51.2995191187485
389,0,0,0,0,0,0,0,0,0,0,0,0,0,0,0,0,0,0,-0.136721765089791,51.2995191187485
390,0,0,0,0,0,0,0,0,0,0,0,0,0,0,0,0,0,0,-0.158307783559571,51.2995191187485
391,0,0,0,0,0,0,0,0,0,0,0,0,0,0,0,0,0,0,-0.151111386168629,51.3040182195243
392,0,0,0,0,0,0,0,0,0,0,0,0,0,0,0,0,0,0,-0.129526425599865,51.2995191187485
393,0,0,0,0,0,0,0,1,0,0,0,0,0,1,0,0,0,0,-0.0863395761282659,51.3085173203
394,0,0,0,0,0,0,0,0,0,0,0,0,0,0,0,0,0,0,-0.122331086109938,51.2995191187485
395,0,0,0,0,0,0,0,0,0,0,0,0,0,0,0,0,0,0,-0.107940407130085,51.2995191187485
396,0,0,0,0,0,0,0,0,0,0,0,0,0,0,0,0,0,0,-0.100745067640158,51.2995191187485
397,0,0,0,0,0,0,0,0,0,0,0,0,0,0,0,0,0,0,-0.0935497281502316,51.2995191187485
398,0,0,0,0,0,0,0,0,0,0,0,0,0,0,0,0,0,0,-0.115135746620011,51.2995191187485
399,0,0,0,0,0,0,0,0,0,0,0,0,0,0,0,0,0,0,-0.136724232886437,51.2950200179728
400,0,0,0,0,0,0,0,0,0,0,0,0,0,0,0,0,0,0,-0.129529598481266,51.2950200179728
401,0,0,0,0,0,0,0,0,0,0,0,0,0,0,0,0,0,0,-0.122334964076095,51.2950200179728
402,0,0,0,0,0,0,0,0,0,0,0,0,0,0,0,0,0,0,-0.115140329670924,51.2950200179728
403,0,0,0,0,0,0,0,0,0,0,0,0,0,0,0,0,0,0,-0.107945695265754,51.2950200179728
404,0,0,0,0,0,0,0,0,0,0,0,0,0,0,0,0,0,0,-0.100751060860583,51.2950200179728
405,0,0,0,0,0,0,0,0,0,0,0,0,0,0,0,0,0,0,-0.129532770541303,51.290520917197
406,0,0,0,0,0,0,0,0,0,0,0,0,0,0,0,0,0,0,-0.122338841038363,51.290520917197
407,0,0,0,0,0,0,0,0,0,0,0,0,0,0,0,0,0,0,-0.115144911535423,51.290520917197
408,0,0,0,0,0,0,0,0,0,0,0,0,0,0,0,0,0,0,-0.107950982032483,51.290520917197
409,0,0,0,0,0,0,0,0,0,0,0,0,0,0,0,0,0,0,-0.122342716997085,51.2860218164212
410,0,0,0,0,0,0,0,0,0,0,0,0,0,0,0,0,0,0,-0.115149492213912,51.2860218164212
