,hospital_100,train_station_100,bus_station_100,park_100,places_of_worship_100,parking_100,leisure_centre_100,museum_100,national_trust_100,hospital_250,train_station_250,bus_station_250,park_250,places_of_worship_250,parking_250,leisure_centre_250,museum_250,national_trust_250,hospital_500,train_station_500,bus_station_500,park_500,places_of_worship_500,parking_500,leisure_centre_500,museum_500,national_trust_500,hospital_750,train_station_750,bus_station_750,park_750,places_of_worship_750,parking_750,leisure_centre_750,museum_750,national_trust_750,hospital_1000,train_station_1000,bus_station_1000,park_1000,places_of_worship_1000,parking_1000,leisure_centre_1000,museum_1000,national_trust_1000,hospital_1250,train_station_1250,bus_station_1250,park_1250,places_of_worship_1250,parking_1250,leisure_centre_1250,museum_1250,national_trust_1250,hospital_1500,train_station_1500,bus_station_1500,park_1500,places_of_worship_1500,parking_1500,leisure_centre_1500,museum_1500,national_trust_1500,lng,lat,Anti_social_behaviour_100,Burglary_100,Violence_and_sexual_offences_100,Public_order_100,Theft_from_the_person_100,Vehicle_crime_100,Other_theft_100,Criminal_damage_and_arson_100,Robbery_100,Shoplifting_100,Other_crime_100,Drugs_100,Bicycle_theft_100,Possession_of_weapons_100,Anti_social_behaviour_250,Burglary_250,Violence_and_sexual_offences_250,Public_order_250,Theft_from_the_person_250,Vehicle_crime_250,Other_theft_250,Criminal_damage_and_arson_250,Robbery_250,Shoplifting_250,Other_crime_250,Drugs_250,Bicycle_theft_250,Possession_of_weapons_250,Anti_social_behaviour_500,Burglary_500,Violence_and_sexual_offences_500,Public_order_500,Theft_from_the_person_500,Vehicle_crime_500,Other_theft_500,Criminal_damage_and_arson_500,Robbery_500,Shoplifting_500,Other_crime_500,Drugs_500,Bicycle_theft_500,Possession_of_weapons_500,Anti_social_behaviour_750,Burglary_750,Violence_and_sexual_offences_750,Public_order_750,Theft_from_the_person_750,Vehicle_crime_750,Other_theft_750,Criminal_damage_and_arson_750,Robbery_750,Shoplifting_750,Other_crime_750,Drugs_750,Bicycle_theft_750,Possession_of_weapons_750,Anti_social_behaviour_1000,Burglary_1000,Violence_and_sexual_offences_1000,Public_order_1000,Theft_from_the_person_1000,Vehicle_crime_1000,Other_theft_1000,Criminal_damage_and_arson_1000,Robbery_1000,Shoplifting_1000,Other_crime_1000,Drugs_1000,Bicycle_theft_1000,Possession_of_weapons_1000,Anti_social_behaviour_1250,Burglary_1250,Violence_and_sexual_offences_1250,Public_order_1250,Theft_from_the_person_1250,Vehicle_crime_1250,Other_theft_1250,Criminal_damage_and_arson_1250,Robbery_1250,Shoplifting_1250,Other_crime_1250,Drugs_1250,Bicycle_theft_1250,Possession_of_weapons_1250,Anti_social_behaviour_1500,Burglary_1500,Violence_and_sexual_offences_1500,Public_order_1500,Theft_from_the_person_1500,Vehicle_crime_1500,Other_theft_1500,Criminal_damage_and_arson_1500,Robbery_1500,Shoplifting_1500,Other_crime_1500,Drugs_1500,Bicycle_theft_1500,Possession_of_weapons_1500,Local_Authority_District_code__2019_,Local_Authority_District_name__2019_,Index_of_Multiple_Deprivation__IMD__Score,Index_of_Multiple_Deprivation__IMD__Rank__where_1_is_most_deprived_,Index_of_Multiple_Deprivation__IMD__Score_1,Index_of_Multiple_Deprivation__IMD__Rank__where_1_is_most_deprived__1,Index_of_Multiple_Deprivation__IMD__Decile__where_1_is_most_deprived_10__of_LSOAs_,Income_Score__rate_,Income_Rank__where_1_is_most_deprived_,Income_Decile__where_1_is_most_deprived_10__of_LSOAs_,Employment_Score__rate_,Employment_Rank__where_1_is_most_deprived_,Employment_Decile__where_1_is_most_deprived_10__of_LSOAs_,Education__Skills_and_Training_Score,Education__Skills_and_Training_Rank__where_1_is_most_deprived_,Education__Skills_and_Training_Decile__where_1_is_most_deprived_10__of_LSOAs_,Health_Deprivation_and_Disability_Score,Health_Deprivation_and_Disability_Rank__where_1_is_most_deprived_,Health_Deprivation_and_Disability_Decile__where_1_is_most_deprived_10__of_LSOAs_,Crime_Score,Crime_Rank__where_1_is_most_deprived_,Crime_Decile__where_1_is_most_deprived_10__of_LSOAs_,Barriers_to_Housing_and_Services_Score,Barriers_to_Housing_and_Services_Rank__where_1_is_most_deprived_,Barriers_to_Housing_and_Services_Decile__where_1_is_most_deprived_10__of_LSOAs_,Living_Environment_Score,Living_Environment_Rank__where_1_is_most_deprived_,Living_Environment_Decile__where_1_is_most_deprived_10__of_LSOAs_,Income_Deprivation_Affecting_Children_Index__IDACI__Score__rate_,Income_Deprivation_Affecting_Children_Index__IDACI__Rank__where_1_is_most_deprived_,Income_Deprivation_Affecting_Children_Index__IDACI__Decile__where_1_is_most_deprived_10__of_LSOAs_,Income_Deprivation_Affecting_Older_People__IDAOPI__Score__rate_,Income_Deprivation_Affecting_Older_People__IDAOPI__Rank__where_1_is_most_deprived_,Income_Deprivation_Affecting_Older_People__IDAOPI__Decile__where_1_is_most_deprived_10__of_LSOAs_,Children_and_Young_People_Sub_domain_Score,Children_and_Young_People_Sub_domain_Rank__where_1_is_most_deprived_,Children_and_Young_People_Sub_domain_Decile__where_1_is_most_deprived_10__of_LSOAs_,Adult_Skills_Sub_domain_Score,Adult_Skills_Sub_domain_Rank__where_1_is_most_deprived_,Adult_Skills_Sub_domain_Decile__where_1_is_most_deprived_10__of_LSOAs_,Geographical_Barriers_Sub_domain_Score,Geographical_Barriers_Sub_domain_Rank__where_1_is_most_deprived_,Geographical_Barriers_Sub_domain_Decile__where_1_is_most_deprived_10__of_LSOAs_,Wider_Barriers_Sub_domain_Score,Wider_Barriers_Sub_domain_Rank__where_1_is_most_deprived_,Wider_Barriers_Sub_domain_Decile__where_1_is_most_deprived_10__of_LSOAs_,Indoors_Sub_domain_Score,Indoors_Sub_domain_Rank__where_1_is_most_deprived_,Indoors_Sub_domain_Decile__where_1_is_most_deprived_10__of_LSOAs_,Outdoors_Sub_domain_Score,Outdoors_Sub_domain_Rank__where_1_is_most_deprived_,Outdoors_Sub_domain_Decile__where_1_is_most_deprived_10__of_LSOAs_,Total_population__mid_2015__excluding_prisoners_,Dependent_Children_aged_0_15__mid_2015__excluding_prisoners_,Population_aged_16_59__mid_2015__excluding_prisoners_,Older_population_aged_60_and_over__mid_2015__excluding_prisoners_,Working_age_population_18_59_64__for_use_with_Employment_Deprivation_Domain__excluding_prisoners__,longitude,latitude,district_name
0,0,0,0,0,0,0,0,0,0,0,0,0,0,0,0,0,0,0,0,0,0,0,0,0,0,0,0,0,0,0,1,0,0,0,0,0,0,0,1,0,1,2,0,0,0,0,1,1,1,2,0,0,0,0,0,0,0,0,1,0,2,0,0,-0.473419,51.539097,0,0,0,0,0,0,0,0,0,0,0,0,0,0,0,1,1,0,0,1,0,1,0,1,1,0,0,0,6,2,7,0,0,6,3,3,1,0,2,1,2,0,11,5,11,4,3,2,8,7,2,3,0,1,0,0,27,5,21,12,4,5,8,5,2,21,1,2,4,0,32,3,28,5,1,17,10,11,0,8,0,2,3,4,26,0,13,4,0,8,3,6,0,0,0,2,1,0,E09000017,Hillingdon,21.577,13111,21.577,13111,4,0.1,16351,5,0.083,15748,5,12.681,19330,6,-0.034,16524,6,0.563,8220,3,40.674,2002,1,24.706,11968,4,0.106,18699,6,0.18,11505,4,-0.269,20497,7,0.29,17135,6,0.439,8782,3,3.682,3069,1,0.229,12883,4,0.553,7856,3,2676,480,1802,394,1825,-0.476438002941286,51.53996329586307,Hillingdon London Boro
1,0,0,0,0,0,0,0,0,0,0,0,0,0,0,0,0,0,0,0,0,1,0,0,0,0,0,0,0,0,0,0,1,0,0,0,0,0,3,0,0,0,0,0,0,0,0,0,0,0,0,0,0,0,0,0,0,0,0,0,0,1,0,0,-0.4260594,51.5736918,0,0,0,0,0,0,0,0,0,0,0,0,0,0,5,0,6,1,0,0,0,0,0,2,1,0,0,0,7,0,3,1,0,4,2,2,0,3,0,1,0,0,7,0,8,0,0,4,0,3,0,0,0,0,0,0,9,1,5,1,0,2,3,2,0,1,0,0,0,0,2,3,6,4,0,1,1,4,0,0,1,1,0,1,5,2,5,1,0,3,6,2,0,1,0,1,0,0,E09000017,Hillingdon,8.346,26634,8.346,26634,9,0.062,23190,8,0.043,26887,9,3.552,29068,9,-0.849,27499,9,0.001,16664,6,18.846,18067,6,23.299,12926,4,0.067,24409,8,0.116,17811,6,-0.687,26351,9,0.164,29928,10,-0.739,27295,9,1.867,7327,3,-0.005,16545,6,0.794,5693,2,1959,295,1184,480,1220,-0.424017816152684,51.57313272435324,Hillingdon London Boro
2,0,0,0,0,0,0,0,0,0,0,0,0,0,0,0,0,0,0,0,0,0,0,0,0,0,0,0,0,0,0,1,0,1,0,0,0,1,0,0,1,0,1,0,0,0,0,1,0,1,1,0,0,0,0,0,0,1,0,1,0,0,0,0,-0.467035,51.518996,5,0,0,0,0,0,0,0,0,0,0,0,0,0,2,0,2,0,0,0,0,0,0,0,0,1,0,0,6,0,5,0,1,1,2,4,0,0,0,0,0,0,10,2,14,2,0,2,4,0,0,3,0,1,0,0,22,7,14,4,0,7,4,4,0,6,0,2,0,1,11,7,48,4,1,7,13,9,1,4,0,3,1,0,15,0,17,1,0,7,2,6,1,0,1,0,3,1,E09000017,Hillingdon,29.539,8239,29.539,8239,3,0.144,11042,4,0.101,12447,4,26.26,10176,4,0.24,12516,4,0.239,12877,4,52.288,137,1,23.356,12881,4,0.196,10345,4,0.201,9891,4,0.557,8126,3,0.33,12762,4,0.787,5006,2,4.459,1730,1,0.16,13981,5,0.539,8003,3,1844,408,1254,182,1256,-0.468756535468694,51.52009531682288,Hillingdon London Boro
3,0,0,0,0,0,0,0,0,0,0,0,0,0,0,0,0,0,0,0,0,0,0,0,0,0,0,0,0,0,0,1,0,1,0,0,0,1,0,0,1,0,1,0,0,0,0,1,0,1,1,0,0,0,0,0,0,1,0,1,0,0,0,0,-0.467035,51.518996,5,0,0,0,0,0,0,0,0,0,0,0,0,0,2,0,2,0,0,0,0,0,0,0,0,1,0,0,6,0,5,0,1,1,2,4,0,0,0,0,0,0,10,2,14,2,0,2,4,0,0,3,0,1,0,0,22,7,14,4,0,7,4,4,0,6,0,2,0,1,11,7,48,4,1,7,13,9,1,4,0,3,1,0,15,0,17,1,0,7,2,6,1,0,1,0,3,1,E09000017,Hillingdon,29.539,8239,29.539,8239,3,0.144,11042,4,0.101,12447,4,26.26,10176,4,0.24,12516,4,0.239,12877,4,52.288,137,1,23.356,12881,4,0.196,10345,4,0.201,9891,4,0.557,8126,3,0.33,12762,4,0.787,5006,2,4.459,1730,1,0.16,13981,5,0.539,8003,3,1844,408,1254,182,1256,-0.468756535468694,51.52009531682288,Hillingdon London Boro
4,0,0,0,0,0,0,0,0,0,0,0,0,0,0,0,0,0,0,0,0,0,0,0,0,0,0,0,0,0,0,1,0,1,0,0,0,1,0,0,1,0,1,0,0,0,0,1,0,1,1,0,0,0,0,0,0,1,0,1,0,0,0,0,-0.467035,51.518996,5,0,0,0,0,0,0,0,0,0,0,0,0,0,2,0,2,0,0,0,0,0,0,0,0,1,0,0,6,0,5,0,1,1,2,4,0,0,0,0,0,0,10,2,14,2,0,2,4,0,0,3,0,1,0,0,22,7,14,4,0,7,4,4,0,6,0,2,0,1,11,7,48,4,1,7,13,9,1,4,0,3,1,0,15,0,17,1,0,7,2,6,1,0,1,0,3,1,E09000017,Hillingdon,29.539,8239,29.539,8239,3,0.144,11042,4,0.101,12447,4,26.26,10176,4,0.24,12516,4,0.239,12877,4,52.288,137,1,23.356,12881,4,0.196,10345,4,0.201,9891,4,0.557,8126,3,0.33,12762,4,0.787,5006,2,4.459,1730,1,0.16,13981,5,0.539,8003,3,1844,408,1254,182,1256,-0.468756535468694,51.52009531682288,Hillingdon London Boro
5,0,0,0,0,0,0,0,0,0,0,0,0,0,0,0,0,0,0,0,0,0,0,0,0,0,0,0,0,0,0,1,0,1,0,0,0,1,0,0,1,0,1,0,0,0,0,1,0,1,1,0,0,0,0,0,0,1,0,1,0,0,0,0,-0.467035,51.518996,5,0,0,0,0,0,0,0,0,0,0,0,0,0,2,0,2,0,0,0,0,0,0,0,0,1,0,0,6,0,5,0,1,1,2,4,0,0,0,0,0,0,10,2,14,2,0,2,4,0,0,3,0,1,0,0,22,7,14,4,0,7,4,4,0,6,0,2,0,1,11,7,48,4,1,7,13,9,1,4,0,3,1,0,15,0,17,1,0,7,2,6,1,0,1,0,3,1,E09000017,Hillingdon,29.539,8239,29.539,8239,3,0.144,11042,4,0.101,12447,4,26.26,10176,4,0.24,12516,4,0.239,12877,4,52.288,137,1,23.356,12881,4,0.196,10345,4,0.201,9891,4,0.557,8126,3,0.33,12762,4,0.787,5006,2,4.459,1730,1,0.16,13981,5,0.539,8003,3,1844,408,1254,182,1256,-0.468756535468694,51.52009531682288,Hillingdon London Boro
6,1,0,0,0,0,0,0,0,0,0,0,0,0,0,0,0,0,0,0,0,0,0,0,0,0,0,0,0,0,0,0,0,0,0,0,0,0,0,0,0,0,0,0,0,0,0,0,0,1,0,0,0,0,0,0,0,0,0,0,1,0,0,0,-0.423579,51.521721,1,0,6,0,0,1,0,0,0,0,0,0,0,0,2,0,4,0,0,0,0,0,1,0,0,1,0,0,9,0,9,0,0,2,1,2,0,0,1,0,0,0,7,1,17,4,0,9,3,4,1,1,0,0,1,0,11,3,25,2,1,7,6,8,2,0,1,3,1,0,10,1,13,5,2,12,6,5,1,0,2,2,0,0,42,2,25,9,0,9,5,4,0,11,0,2,2,0,E09000017,Hillingdon,26.362,9958,26.362,9958,4,0.162,9441,3,0.1,12499,4,19.866,13847,5,-0.111,17752,6,0.761,5829,2,33.777,4692,2,32.654,7380,3,0.195,10374,4,0.21,9342,3,-0.235,19973,7,0.368,9216,3,-0.501,24087,8,4.295,1965,1,0.261,12414,4,1.241,2727,1,1955,501,1237,217,1238,-0.418379242412978,51.52343453784537,Hillingdon London Boro
7,0,0,0,0,0,0,0,0,0,0,0,0,0,0,0,0,0,0,0,0,0,0,1,0,0,0,0,0,0,0,0,0,0,0,0,0,0,0,1,0,0,0,0,0,0,0,1,0,1,0,0,0,0,0,0,0,0,2,0,2,0,0,0,-0.459496,51.505328,1,0,4,3,0,2,1,0,1,1,0,0,0,0,0,0,5,0,0,0,0,0,0,0,0,0,0,1,9,0,12,2,0,3,2,1,0,0,0,0,0,0,1,0,10,3,0,2,2,3,0,0,0,0,0,0,6,4,5,0,1,2,1,2,0,1,0,2,1,0,16,6,19,2,1,5,6,7,2,2,1,1,2,1,11,4,25,3,0,6,8,5,0,3,1,0,0,0,E09000017,Hillingdon,28.501,8763,28.501,8763,3,0.168,8963,3,0.091,14073,5,26.074,10283,4,-0.037,16559,6,0.22,13186,5,46.389,824,1,32.813,7287,3,0.243,7333,3,0.241,7459,3,0.357,10668,4,0.359,9906,4,0.469,8396,3,4.413,1792,1,0.586,8103,3,0.69,6576,3,3529,1012,2267,250,2271,-0.461290624998278,51.50666213060404,Hillingdon London Boro
8,0,0,0,0,0,0,0,0,0,0,0,0,0,0,0,0,0,0,0,0,0,0,0,0,0,0,0,0,0,0,0,0,0,0,0,0,0,0,0,0,0,1,0,0,0,0,0,0,0,0,0,0,0,0,0,0,0,0,0,0,0,0,0,-0.4205172,51.5949466,0,0,0,0,0,0,0,0,0,0,0,0,0,0,0,0,0,0,0,0,0,0,0,0,0,0,0,0,0,0,2,0,0,0,0,0,0,0,0,0,0,0,0,0,1,0,0,1,0,3,0,1,0,0,0,0,7,3,2,0,0,2,2,0,1,1,1,0,0,0,6,0,7,1,1,4,1,3,1,1,2,1,0,0,3,1,2,0,0,4,6,3,1,1,0,1,0,0,E09000017,Hillingdon,19.628,14690,19.628,14690,5,0.139,11607,4,0.098,12925,4,11.596,20329,7,0.002,15983,5,0.113,14932,5,32.159,5550,2,10.021,24044,8,0.182,11392,4,0.184,11197,4,-0.168,18895,6,0.261,20473,7,0.463,8471,3,1.922,7162,3,-0.553,24574,8,-0.012,15518,5,1694,325,995,374,990,-0.4153054055471,51.59480047193695,Hillingdon London Boro
9,0,0,0,0,0,0,0,0,0,0,0,0,0,0,0,0,0,0,0,0,0,0,0,0,0,0,0,0,0,0,0,0,0,0,0,0,0,0,0,0,1,0,0,0,0,0,0,0,0,0,0,0,0,0,0,0,0,0,0,1,0,0,0,-0.394887,51.51884,2,1,2,0,0,0,0,0,0,0,1,1,0,1,0,1,0,0,0,1,0,0,0,0,0,0,0,0,8,0,13,2,0,4,0,4,0,0,0,0,0,0,19,1,3,2,1,5,3,2,0,10,0,2,0,0,8,2,14,1,2,8,18,3,0,4,0,1,0,0,11,3,21,2,0,7,2,5,2,0,2,2,0,0,15,2,17,2,1,5,1,3,1,2,0,0,0,0,E09000017,Hillingdon,19.602,14713,19.602,14713,5,0.101,16167,5,0.057,22239,7,13.475,18615,6,-0.551,24070,8,-0.17,19205,6,47.238,671,1,31.309,8098,3,0.101,19367,6,0.201,9909,4,-0.358,21831,7,0.309,14981,5,0.944,3799,2,3.239,3877,2,0.233,12830,4,1.169,3100,1,1721,428,1076,217,1085,-0.396901221491152,51.517814788645616,Hillingdon London Boro
10,0,0,0,0,0,0,0,0,0,0,0,0,0,0,0,0,0,0,0,0,0,0,0,0,0,0,0,0,0,0,0,0,0,0,0,0,0,0,0,2,0,0,0,0,0,1,0,0,0,0,0,0,0,0,1,0,1,0,0,0,0,0,0,-0.443332,51.524116,0,0,0,0,0,0,0,0,0,0,0,0,0,0,2,0,1,1,0,1,0,0,0,0,0,1,0,0,5,0,9,0,0,0,1,0,0,0,1,2,0,0,11,2,14,3,1,7,5,3,2,0,1,1,2,0,9,4,11,0,0,2,11,3,1,1,0,1,0,0,17,2,27,3,0,5,5,7,2,6,0,2,0,0,2,1,25,1,0,5,4,5,1,0,1,3,0,0,E09000017,Hillingdon,22.359,12495,22.359,12495,4,0.148,10690,4,0.087,14866,5,18.479,14786,5,-0.135,18151,6,0.416,10217,4,32.068,5610,2,26.73,10723,4,0.177,11760,4,0.194,10433,4,-0.016,16377,5,0.33,12780,4,-0.186,19016,6,3.674,3073,1,0.09,15030,5,0.978,4289,2,1988,481,1101,406,1098,-0.444157740788777,51.52518627804623,Hillingdon London Boro
11,0,0,0,0,0,0,0,0,0,0,0,0,0,0,0,0,0,0,0,0,0,0,0,0,0,0,0,0,0,0,0,0,0,0,0,0,0,0,0,2,0,0,0,0,0,1,0,0,0,0,0,0,0,0,1,0,1,0,0,0,0,0,0,-0.443332,51.524116,0,0,0,0,0,0,0,0,0,0,0,0,0,0,2,0,1,1,0,1,0,0,0,0,0,1,0,0,5,0,9,0,0,0,1,0,0,0,1,2,0,0,11,2,14,3,1,7,5,3,2,0,1,1,2,0,9,4,11,0,0,2,11,3,1,1,0,1,0,0,17,2,27,3,0,5,5,7,2,6,0,2,0,0,2,1,25,1,0,5,4,5,1,0,1,3,0,0,E09000017,Hillingdon,22.359,12495,22.359,12495,4,0.148,10690,4,0.087,14866,5,18.479,14786,5,-0.135,18151,6,0.416,10217,4,32.068,5610,2,26.73,10723,4,0.177,11760,4,0.194,10433,4,-0.016,16377,5,0.33,12780,4,-0.186,19016,6,3.674,3073,1,0.09,15030,5,0.978,4289,2,1988,481,1101,406,1098,-0.444157740788777,51.52518627804623,Hillingdon London Boro
12,0,0,0,0,0,0,0,0,0,0,0,0,0,0,0,0,0,0,0,0,0,0,0,0,0,0,0,0,0,0,0,0,0,0,0,0,0,0,0,2,0,0,0,0,0,1,0,0,0,0,0,0,0,0,1,0,1,0,0,0,0,0,0,-0.443332,51.524116,0,0,0,0,0,0,0,0,0,0,0,0,0,0,2,0,1,1,0,1,0,0,0,0,0,1,0,0,5,0,9,0,0,0,1,0,0,0,1,2,0,0,11,2,14,3,1,7,5,3,2,0,1,1,2,0,9,4,11,0,0,2,11,3,1,1,0,1,0,0,17,2,27,3,0,5,5,7,2,6,0,2,0,0,2,1,25,1,0,5,4,5,1,0,1,3,0,0,E09000017,Hillingdon,22.359,12495,22.359,12495,4,0.148,10690,4,0.087,14866,5,18.479,14786,5,-0.135,18151,6,0.416,10217,4,32.068,5610,2,26.73,10723,4,0.177,11760,4,0.194,10433,4,-0.016,16377,5,0.33,12780,4,-0.186,19016,6,3.674,3073,1,0.09,15030,5,0.978,4289,2,1988,481,1101,406,1098,-0.444157740788777,51.52518627804623,Hillingdon London Boro
13,0,0,0,0,0,0,0,0,0,0,0,0,0,0,0,0,0,0,0,0,0,0,0,0,0,0,0,0,0,0,0,0,0,0,0,0,0,0,0,2,0,0,0,0,0,1,0,0,0,0,0,0,0,0,1,0,1,0,0,0,0,0,0,-0.443332,51.524116,0,0,0,0,0,0,0,0,0,0,0,0,0,0,2,0,1,1,0,1,0,0,0,0,0,1,0,0,5,0,9,0,0,0,1,0,0,0,1,2,0,0,11,2,14,3,1,7,5,3,2,0,1,1,2,0,9,4,11,0,0,2,11,3,1,1,0,1,0,0,17,2,27,3,0,5,5,7,2,6,0,2,0,0,2,1,25,1,0,5,4,5,1,0,1,3,0,0,E09000017,Hillingdon,22.359,12495,22.359,12495,4,0.148,10690,4,0.087,14866,5,18.479,14786,5,-0.135,18151,6,0.416,10217,4,32.068,5610,2,26.73,10723,4,0.177,11760,4,0.194,10433,4,-0.016,16377,5,0.33,12780,4,-0.186,19016,6,3.674,3073,1,0.09,15030,5,0.978,4289,2,1988,481,1101,406,1098,-0.444157740788777,51.52518627804623,Hillingdon London Boro
14,0,0,0,0,0,0,0,0,0,0,0,0,0,0,0,0,0,0,0,0,0,0,0,0,0,0,0,0,0,0,0,0,0,0,0,0,0,0,0,2,0,0,0,0,0,1,0,0,0,0,0,0,0,0,1,0,1,0,0,0,0,0,0,-0.443332,51.524116,0,0,0,0,0,0,0,0,0,0,0,0,0,0,2,0,1,1,0,1,0,0,0,0,0,1,0,0,5,0,9,0,0,0,1,0,0,0,1,2,0,0,11,2,14,3,1,7,5,3,2,0,1,1,2,0,9,4,11,0,0,2,11,3,1,1,0,1,0,0,17,2,27,3,0,5,5,7,2,6,0,2,0,0,2,1,25,1,0,5,4,5,1,0,1,3,0,0,E09000017,Hillingdon,22.359,12495,22.359,12495,4,0.148,10690,4,0.087,14866,5,18.479,14786,5,-0.135,18151,6,0.416,10217,4,32.068,5610,2,26.73,10723,4,0.177,11760,4,0.194,10433,4,-0.016,16377,5,0.33,12780,4,-0.186,19016,6,3.674,3073,1,0.09,15030,5,0.978,4289,2,1988,481,1101,406,1098,-0.444157740788777,51.52518627804623,Hillingdon London Boro
15,0,0,0,0,0,0,0,0,0,0,0,0,0,0,0,0,0,0,0,0,0,0,0,0,0,0,0,0,0,0,0,0,0,0,0,0,0,0,0,2,0,0,0,0,0,1,0,0,0,0,0,0,0,0,1,0,1,0,0,0,0,0,0,-0.443332,51.524116,0,0,0,0,0,0,0,0,0,0,0,0,0,0,2,0,1,1,0,1,0,0,0,0,0,1,0,0,5,0,9,0,0,0,1,0,0,0,1,2,0,0,11,2,14,3,1,7,5,3,2,0,1,1,2,0,9,4,11,0,0,2,11,3,1,1,0,1,0,0,17,2,27,3,0,5,5,7,2,6,0,2,0,0,2,1,25,1,0,5,4,5,1,0,1,3,0,0,E09000017,Hillingdon,22.359,12495,22.359,12495,4,0.148,10690,4,0.087,14866,5,18.479,14786,5,-0.135,18151,6,0.416,10217,4,32.068,5610,2,26.73,10723,4,0.177,11760,4,0.194,10433,4,-0.016,16377,5,0.33,12780,4,-0.186,19016,6,3.674,3073,1,0.09,15030,5,0.978,4289,2,1988,481,1101,406,1098,-0.444157740788777,51.52518627804623,Hillingdon London Boro
16,0,0,0,0,0,0,0,0,0,0,0,0,0,0,0,0,0,0,0,0,0,0,0,0,0,0,0,0,0,0,0,0,0,0,0,0,0,0,0,2,0,0,0,0,0,1,0,0,0,0,0,0,0,0,1,0,1,0,0,0,0,0,0,-0.443332,51.524116,0,0,0,0,0,0,0,0,0,0,0,0,0,0,2,0,1,1,0,1,0,0,0,0,0,1,0,0,5,0,9,0,0,0,1,0,0,0,1,2,0,0,11,2,14,3,1,7,5,3,2,0,1,1,2,0,9,4,11,0,0,2,11,3,1,1,0,1,0,0,17,2,27,3,0,5,5,7,2,6,0,2,0,0,2,1,25,1,0,5,4,5,1,0,1,3,0,0,E09000017,Hillingdon,22.359,12495,22.359,12495,4,0.148,10690,4,0.087,14866,5,18.479,14786,5,-0.135,18151,6,0.416,10217,4,32.068,5610,2,26.73,10723,4,0.177,11760,4,0.194,10433,4,-0.016,16377,5,0.33,12780,4,-0.186,19016,6,3.674,3073,1,0.09,15030,5,0.978,4289,2,1988,481,1101,406,1098,-0.444157740788777,51.52518627804623,Hillingdon London Boro
17,0,0,0,0,0,0,0,0,0,0,0,0,0,0,0,0,0,0,0,0,0,0,0,0,0,0,0,0,0,0,0,0,0,0,0,0,0,0,0,2,0,0,0,0,0,1,0,0,0,0,0,0,0,0,1,0,1,0,0,0,0,0,0,-0.443332,51.524116,0,0,0,0,0,0,0,0,0,0,0,0,0,0,2,0,1,1,0,1,0,0,0,0,0,1,0,0,5,0,9,0,0,0,1,0,0,0,1,2,0,0,11,2,14,3,1,7,5,3,2,0,1,1,2,0,9,4,11,0,0,2,11,3,1,1,0,1,0,0,17,2,27,3,0,5,5,7,2,6,0,2,0,0,2,1,25,1,0,5,4,5,1,0,1,3,0,0,E09000017,Hillingdon,22.359,12495,22.359,12495,4,0.148,10690,4,0.087,14866,5,18.479,14786,5,-0.135,18151,6,0.416,10217,4,32.068,5610,2,26.73,10723,4,0.177,11760,4,0.194,10433,4,-0.016,16377,5,0.33,12780,4,-0.186,19016,6,3.674,3073,1,0.09,15030,5,0.978,4289,2,1988,481,1101,406,1098,-0.444157740788777,51.52518627804623,Hillingdon London Boro
18,0,0,0,0,0,0,0,0,0,0,0,0,0,0,0,0,0,0,0,0,0,0,0,0,0,0,0,0,0,0,0,0,0,0,0,0,0,0,0,0,0,0,0,0,0,1,0,0,0,0,0,0,0,0,0,0,0,0,0,0,0,0,0,-0.4953854,51.6138512,0,0,0,0,0,0,0,0,0,0,0,0,0,0,0,0,0,0,0,0,0,0,0,0,0,0,0,0,0,0,0,0,0,0,0,0,0,0,0,0,0,0,0,0,0,0,0,0,0,0,0,0,0,0,0,0,1,0,2,0,0,0,0,0,0,0,0,0,0,0,1,0,0,0,0,0,0,0,0,0,0,0,0,0,0,0,2,1,0,1,1,2,0,1,0,1,0,0,E09000017,Hillingdon,12.569,21531,12.569,21531,7,0.068,21826,7,0.053,23777,8,13.086,18960,6,-0.371,21744,7,-0.899,28232,9,38.753,2571,1,7.537,26687,9,0.092,20454,7,0.062,26841,9,-0.135,18335,6,0.278,18481,6,1.102,2926,1,0.906,10920,4,-0.782,27156,9,-0.142,17685,6,1340,251,730,359,745,-0.493887853758283,51.6100083429647,Hillingdon London Boro
19,0,0,0,0,0,0,0,0,0,0,0,0,0,0,0,0,0,0,0,0,0,0,0,0,0,0,0,0,0,0,0,0,0,0,0,0,0,0,0,0,0,0,0,0,0,1,0,1,1,0,0,0,0,0,0,0,0,1,0,0,0,0,0,-0.4382355,51.525852,0,0,0,0,0,0,0,0,0,0,0,0,0,0,1,0,3,1,0,0,0,1,0,0,0,1,0,0,4,2,1,1,0,0,3,0,2,0,0,2,2,0,8,1,16,2,1,8,3,1,0,0,2,1,0,0,17,0,16,0,0,3,9,2,2,1,0,1,0,0,7,2,28,1,0,7,5,5,2,6,0,0,0,0,12,4,31,4,0,8,5,10,0,0,1,4,0,0,E09000017,Hillingdon,13.735,20224,13.735,20224,7,0.08,19571,6,0.075,17601,6,13.32,18755,6,-0.838,27380,9,0.144,14414,5,25.0,11114,4,20.645,14799,5,0.095,20144,7,0.071,24990,8,-1.25,30954,10,0.351,10649,4,-0.212,19449,6,2.362,5905,2,-0.024,16847,6,0.545,7926,3,1668,340,1007,321,1010,-0.434432661534161,51.52767217152363,Hillingdon London Boro
20,0,0,0,0,0,0,0,0,0,0,0,0,0,0,0,0,0,0,0,0,0,0,0,0,0,0,0,0,0,0,0,0,0,0,0,0,0,0,0,0,0,0,0,0,0,1,0,1,1,0,0,0,0,0,0,0,0,1,0,0,0,0,0,-0.4382355,51.525852,0,0,0,0,0,0,0,0,0,0,0,0,0,0,1,0,3,1,0,0,0,1,0,0,0,1,0,0,4,2,1,1,0,0,3,0,2,0,0,2,2,0,8,1,16,2,1,8,3,1,0,0,2,1,0,0,17,0,16,0,0,3,9,2,2,1,0,1,0,0,7,2,28,1,0,7,5,5,2,6,0,0,0,0,12,4,31,4,0,8,5,10,0,0,1,4,0,0,E09000017,Hillingdon,13.735,20224,13.735,20224,7,0.08,19571,6,0.075,17601,6,13.32,18755,6,-0.838,27380,9,0.144,14414,5,25.0,11114,4,20.645,14799,5,0.095,20144,7,0.071,24990,8,-1.25,30954,10,0.351,10649,4,-0.212,19449,6,2.362,5905,2,-0.024,16847,6,0.545,7926,3,1668,340,1007,321,1010,-0.434432661534161,51.52767217152363,Hillingdon London Boro
21,0,0,0,0,0,0,0,0,0,0,0,0,0,0,0,0,0,0,0,0,0,0,0,0,0,0,0,0,0,0,0,0,0,0,0,0,0,0,0,0,0,0,0,0,0,1,0,1,1,0,0,0,0,0,0,0,0,1,0,0,0,0,0,-0.4382355,51.525852,0,0,0,0,0,0,0,0,0,0,0,0,0,0,1,0,3,1,0,0,0,1,0,0,0,1,0,0,4,2,1,1,0,0,3,0,2,0,0,2,2,0,8,1,16,2,1,8,3,1,0,0,2,1,0,0,17,0,16,0,0,3,9,2,2,1,0,1,0,0,7,2,28,1,0,7,5,5,2,6,0,0,0,0,12,4,31,4,0,8,5,10,0,0,1,4,0,0,E09000017,Hillingdon,13.735,20224,13.735,20224,7,0.08,19571,6,0.075,17601,6,13.32,18755,6,-0.838,27380,9,0.144,14414,5,25.0,11114,4,20.645,14799,5,0.095,20144,7,0.071,24990,8,-1.25,30954,10,0.351,10649,4,-0.212,19449,6,2.362,5905,2,-0.024,16847,6,0.545,7926,3,1668,340,1007,321,1010,-0.434432661534161,51.52767217152363,Hillingdon London Boro
22,0,0,0,0,0,0,0,0,0,0,0,0,0,0,0,0,0,0,0,0,0,0,0,0,0,0,0,0,0,0,0,0,0,0,0,0,0,0,0,0,0,0,0,0,0,1,0,1,1,0,0,0,0,0,0,0,0,1,0,0,0,0,0,-0.4382355,51.525852,0,0,0,0,0,0,0,0,0,0,0,0,0,0,1,0,3,1,0,0,0,1,0,0,0,1,0,0,4,2,1,1,0,0,3,0,2,0,0,2,2,0,8,1,16,2,1,8,3,1,0,0,2,1,0,0,17,0,16,0,0,3,9,2,2,1,0,1,0,0,7,2,28,1,0,7,5,5,2,6,0,0,0,0,12,4,31,4,0,8,5,10,0,0,1,4,0,0,E09000017,Hillingdon,13.735,20224,13.735,20224,7,0.08,19571,6,0.075,17601,6,13.32,18755,6,-0.838,27380,9,0.144,14414,5,25.0,11114,4,20.645,14799,5,0.095,20144,7,0.071,24990,8,-1.25,30954,10,0.351,10649,4,-0.212,19449,6,2.362,5905,2,-0.024,16847,6,0.545,7926,3,1668,340,1007,321,1010,-0.434432661534161,51.52767217152363,Hillingdon London Boro
23,0,0,0,0,0,0,0,0,0,0,0,0,0,0,0,0,0,0,0,0,0,0,0,0,2,0,0,0,0,2,0,0,0,0,0,0,0,1,0,1,0,1,0,0,0,0,0,0,1,1,0,0,0,0,0,1,0,0,0,1,0,0,0,-0.4712881,51.5516565,0,0,0,0,0,1,0,0,0,0,0,0,0,0,5,0,1,0,0,0,3,2,0,0,0,0,0,0,4,1,3,0,0,2,1,0,0,0,0,0,0,0,30,1,11,5,1,2,5,7,1,7,0,1,0,1,11,4,21,12,7,1,12,11,1,24,1,2,2,0,5,2,7,0,0,3,2,3,1,0,1,2,1,1,14,2,10,3,0,4,0,4,1,0,0,0,0,0,E09000017,Hillingdon,6.058,29384,6.058,29384,9,0.049,26341,9,0.034,29712,10,1.597,31333,10,-1.176,30141,10,0.052,15864,5,20.193,16426,6,13.994,20116,7,0.059,25852,8,0.062,26799,9,-1.452,31802,10,0.171,29469,9,-0.058,16691,6,0.954,10742,4,-0.653,25796,8,0.519,8204,3,1981,373,1073,535,1089,-0.474101520947492,51.55290895696475,Hillingdon London Boro
24,0,0,0,0,0,0,0,0,0,0,0,0,0,1,0,0,0,0,1,0,0,0,0,0,0,0,0,0,0,0,0,0,0,0,0,0,0,0,0,1,1,1,0,0,0,0,0,0,0,1,0,0,0,0,0,0,0,0,0,0,0,0,0,-0.4652859,51.5285673,0,0,0,0,0,0,0,0,0,0,0,0,0,0,8,0,2,0,0,1,1,0,0,0,0,0,0,0,3,0,17,3,0,2,3,4,0,0,0,1,0,0,11,1,6,2,0,1,3,0,0,0,0,0,0,0,10,1,19,0,0,2,5,5,0,0,0,2,4,0,21,5,25,4,0,12,8,6,2,8,1,3,2,0,21,9,17,1,0,5,8,7,2,2,3,3,0,0,E09000017,Hillingdon,13.287,20749,13.287,20749,7,0.065,22569,7,0.06,21625,7,10.976,20920,7,-0.456,22860,7,0.533,8634,3,28.535,8012,3,14.154,19981,7,0.098,19722,7,0.083,22899,7,-0.333,21477,7,0.273,19030,6,-0.254,20147,7,3.141,4071,2,-0.878,28031,9,0.67,6750,3,2362,359,1657,346,1625,-0.46064652564705,51.52732818938382,Hillingdon London Boro
25,0,0,0,0,0,0,0,0,0,0,0,0,0,0,0,0,0,0,0,0,0,0,0,0,0,0,0,0,0,0,0,0,0,0,0,0,0,0,0,0,0,0,0,0,0,0,0,0,0,1,0,0,0,0,0,0,0,0,0,0,0,0,0,-0.3965555,51.518521,0,1,0,0,0,0,0,0,0,0,0,0,0,0,2,1,2,0,0,1,0,0,0,0,1,1,0,1,6,0,5,0,0,5,1,2,0,0,0,1,0,0,21,1,11,4,1,7,2,5,0,10,0,1,0,0,13,1,16,0,2,6,4,2,1,1,1,1,0,0,9,3,17,4,1,7,17,6,1,4,1,2,0,0,14,3,24,5,0,6,1,3,1,1,1,0,0,0,E09000017,Hillingdon,19.602,14713,19.602,14713,5,0.101,16167,5,0.057,22239,7,13.475,18615,6,-0.551,24070,8,-0.17,19205,6,47.238,671,1,31.309,8098,3,0.101,19367,6,0.201,9909,4,-0.358,21831,7,0.309,14981,5,0.944,3799,2,3.239,3877,2,0.233,12830,4,1.169,3100,1,1721,428,1076,217,1085,-0.396901221491152,51.517814788645616,Hillingdon London Boro
26,0,0,0,0,0,0,0,0,0,0,0,0,0,0,0,0,0,0,0,0,0,0,1,0,0,0,0,0,1,0,1,0,1,0,0,0,0,0,0,0,0,0,2,0,0,0,0,0,1,0,0,0,0,0,0,0,0,0,1,0,0,0,0,-0.4546652,51.5480308,0,0,0,0,0,0,0,0,0,0,0,0,0,0,0,0,0,0,0,1,0,0,0,0,0,0,0,0,0,0,2,1,0,0,0,1,0,0,0,0,0,0,0,1,4,5,0,2,3,0,0,0,1,0,0,0,7,0,4,4,0,0,1,1,0,0,0,0,0,0,4,2,9,2,0,2,4,2,0,0,0,0,0,0,5,3,7,3,1,3,4,8,0,0,1,1,2,0,E09000017,Hillingdon,7.515,27668,7.515,27668,9,0.042,28032,9,0.044,26730,9,2.726,30060,10,-0.781,26795,9,0.046,15955,5,24.546,11584,4,14.381,19783,7,0.045,28192,9,0.065,26212,8,-1.241,30906,10,0.196,27448,9,0.339,10205,4,0.696,11888,4,-1.197,30263,10,0.81,5563,2,1533,295,852,386,865,-0.454421532320536,51.54582570552356,Hillingdon London Boro
27,0,0,0,0,0,0,0,0,0,0,0,0,0,0,0,0,0,0,0,0,0,0,0,0,0,0,0,0,0,0,0,0,0,0,0,0,0,0,0,0,0,1,1,0,0,0,0,0,0,0,0,0,0,0,1,1,0,1,0,1,0,0,0,-0.409964,51.513848,0,0,0,0,0,1,0,0,0,0,0,0,0,0,1,0,3,0,0,1,0,0,0,1,1,0,0,0,14,1,19,6,1,5,2,3,0,9,1,0,0,0,17,1,10,3,1,8,6,5,1,1,0,4,0,0,17,2,9,5,3,10,4,4,1,5,2,0,1,0,24,1,19,4,2,11,10,4,4,16,1,1,1,1,24,6,28,3,2,9,5,3,5,4,0,4,0,0,E09000017,Hillingdon,21.242,13368,21.242,13368,5,0.134,12129,4,0.098,12974,4,19.173,14274,5,-0.518,23672,8,0.569,8153,3,30.395,6683,3,21.49,14198,5,0.152,13852,5,0.219,8685,3,-0.304,21022,7,0.367,9314,3,-0.387,22328,7,3.707,3032,1,-0.09,17876,6,0.729,6236,2,1703,370,1044,289,1037,-0.409362636347889,51.513725291428,Hillingdon London Boro
28,0,0,0,0,0,0,0,0,0,0,0,0,0,0,0,0,0,0,0,0,0,1,0,0,0,0,0,0,0,0,0,0,0,0,0,0,0,1,0,0,0,0,0,0,0,0,0,0,0,0,1,0,0,0,0,0,0,1,1,1,0,0,0,-0.479352,51.502727,0,0,3,0,0,0,0,0,0,0,0,0,0,0,1,0,0,0,0,0,0,1,0,0,0,0,0,0,4,0,3,3,0,2,2,1,1,0,0,0,0,0,5,1,4,0,0,2,3,2,0,0,0,0,2,0,7,3,16,0,1,3,8,4,1,2,0,1,1,0,10,4,19,1,0,6,1,6,0,1,0,1,0,1,13,2,22,5,0,7,8,1,1,7,0,1,0,1,E09000017,Hillingdon,27.692,9202,27.692,9202,3,0.197,6852,3,0.117,10050,4,22.445,12278,4,0.292,11740,4,0.728,6201,2,26.817,9440,3,20.806,14688,5,0.353,2534,1,0.134,15701,5,0.462,9293,3,0.302,15745,5,-0.476,23693,8,3.164,4028,2,-0.136,18586,6,0.719,6324,2,1590,342,916,332,945,-0.480309874905349,51.50152985031974,Hillingdon London Boro
29,0,0,0,0,0,0,0,0,0,0,0,0,0,0,0,0,0,0,0,0,0,0,1,0,0,0,0,0,0,0,0,0,1,0,0,0,0,0,0,0,0,0,0,0,0,0,0,0,0,1,0,0,0,0,1,0,0,1,0,2,0,0,0,-0.479524,51.526127,0,0,0,0,0,0,0,1,0,0,0,0,0,0,2,0,5,1,0,4,1,0,1,0,0,0,0,0,6,1,19,2,0,3,1,4,0,2,0,0,2,0,6,3,5,1,0,1,2,0,0,0,0,1,2,0,3,5,14,1,0,0,7,3,0,0,0,1,0,0,22,1,6,0,0,7,1,2,0,6,0,1,1,0,21,4,35,6,0,6,10,6,1,5,2,2,0,0,E09000017,Hillingdon,23.999,11386,23.999,11386,4,0.124,13233,5,0.077,17040,6,46.055,3934,2,0.012,15809,5,0.452,9743,3,31.737,5822,2,18.05,16776,6,0.211,9348,3,0.144,14752,5,1.029,3533,2,0.436,4664,2,-0.32,21216,7,3.822,2809,1,-0.164,19070,6,0.465,8771,3,1907,364,1241,302,1221,-0.47626936184725,51.52506100215388,Hillingdon London Boro
30,0,0,0,0,0,0,0,0,0,0,1,0,0,0,0,0,0,0,0,0,0,0,0,0,0,0,0,0,0,0,0,0,0,1,0,0,0,0,1,0,0,0,0,0,0,0,0,0,0,0,0,0,0,0,0,0,0,0,0,0,0,0,0,-0.4116086,51.5745751,1,0,2,0,0,0,0,1,0,0,0,0,0,0,3,0,0,1,0,1,0,1,0,1,0,0,0,0,3,1,6,0,0,1,1,0,0,0,1,0,0,0,5,2,4,1,0,3,2,1,0,0,0,1,0,0,10,2,12,2,0,4,1,2,0,5,1,0,0,0,20,2,13,2,0,6,9,6,0,11,0,0,2,0,1,0,4,0,0,4,2,1,0,0,0,0,0,0,E09000017,Hillingdon,10.721,23632,10.721,23632,8,0.087,18284,6,0.048,25480,8,6.877,25167,8,-0.764,26613,9,0.043,16005,5,20.312,16274,5,23.759,12593,4,0.154,13662,5,0.088,21886,7,-0.934,28837,9,0.262,20375,7,-0.65,26243,8,2.09,6668,3,-0.013,16674,6,0.848,5250,2,1887,333,1096,458,1094,-0.415236844526568,51.57329805202672,Hillingdon London Boro
31,0,0,0,0,0,0,0,0,0,0,1,0,0,0,0,0,0,0,0,0,0,0,0,0,0,0,0,0,0,0,0,0,0,1,0,0,0,0,1,0,0,0,0,0,0,0,0,0,0,0,0,0,0,0,0,0,0,0,0,0,0,0,0,-0.4116086,51.5745751,1,0,2,0,0,0,0,1,0,0,0,0,0,0,3,0,0,1,0,1,0,1,0,1,0,0,0,0,3,1,6,0,0,1,1,0,0,0,1,0,0,0,5,2,4,1,0,3,2,1,0,0,0,1,0,0,10,2,12,2,0,4,1,2,0,5,1,0,0,0,20,2,13,2,0,6,9,6,0,11,0,0,2,0,1,0,4,0,0,4,2,1,0,0,0,0,0,0,E09000017,Hillingdon,10.721,23632,10.721,23632,8,0.087,18284,6,0.048,25480,8,6.877,25167,8,-0.764,26613,9,0.043,16005,5,20.312,16274,5,23.759,12593,4,0.154,13662,5,0.088,21886,7,-0.934,28837,9,0.262,20375,7,-0.65,26243,8,2.09,6668,3,-0.013,16674,6,0.848,5250,2,1887,333,1096,458,1094,-0.415236844526568,51.57329805202672,Hillingdon London Boro
32,0,0,0,0,0,0,0,0,0,0,1,0,0,0,0,0,0,0,0,0,0,0,0,0,0,0,0,0,0,0,0,0,0,1,0,0,0,0,1,0,0,0,0,0,0,0,0,0,0,0,0,0,0,0,0,0,0,0,0,0,0,0,0,-0.4116086,51.5745751,1,0,2,0,0,0,0,1,0,0,0,0,0,0,3,0,0,1,0,1,0,1,0,1,0,0,0,0,3,1,6,0,0,1,1,0,0,0,1,0,0,0,5,2,4,1,0,3,2,1,0,0,0,1,0,0,10,2,12,2,0,4,1,2,0,5,1,0,0,0,20,2,13,2,0,6,9,6,0,11,0,0,2,0,1,0,4,0,0,4,2,1,0,0,0,0,0,0,E09000017,Hillingdon,10.721,23632,10.721,23632,8,0.087,18284,6,0.048,25480,8,6.877,25167,8,-0.764,26613,9,0.043,16005,5,20.312,16274,5,23.759,12593,4,0.154,13662,5,0.088,21886,7,-0.934,28837,9,0.262,20375,7,-0.65,26243,8,2.09,6668,3,-0.013,16674,6,0.848,5250,2,1887,333,1096,458,1094,-0.415236844526568,51.57329805202672,Hillingdon London Boro
33,0,0,0,0,0,0,0,0,0,0,1,0,0,0,0,0,0,0,0,0,0,0,0,0,0,0,0,0,0,0,0,0,0,1,0,0,0,0,1,0,0,0,0,0,0,0,0,0,0,0,0,0,0,0,0,0,0,0,0,0,0,0,0,-0.4116086,51.5745751,1,0,2,0,0,0,0,1,0,0,0,0,0,0,3,0,0,1,0,1,0,1,0,1,0,0,0,0,3,1,6,0,0,1,1,0,0,0,1,0,0,0,5,2,4,1,0,3,2,1,0,0,0,1,0,0,10,2,12,2,0,4,1,2,0,5,1,0,0,0,20,2,13,2,0,6,9,6,0,11,0,0,2,0,1,0,4,0,0,4,2,1,0,0,0,0,0,0,E09000017,Hillingdon,10.721,23632,10.721,23632,8,0.087,18284,6,0.048,25480,8,6.877,25167,8,-0.764,26613,9,0.043,16005,5,20.312,16274,5,23.759,12593,4,0.154,13662,5,0.088,21886,7,-0.934,28837,9,0.262,20375,7,-0.65,26243,8,2.09,6668,3,-0.013,16674,6,0.848,5250,2,1887,333,1096,458,1094,-0.415236844526568,51.57329805202672,Hillingdon London Boro
34,0,0,0,0,0,0,0,0,0,0,0,0,0,0,0,0,0,0,0,0,0,0,0,0,0,0,0,0,0,0,0,0,0,0,0,0,0,0,0,1,0,0,0,0,0,0,0,0,1,0,0,0,0,0,2,0,2,1,0,0,0,0,0,-0.4418315,51.5230911,1,0,0,0,0,0,0,0,0,0,0,0,0,0,1,0,2,1,0,0,0,0,0,0,0,0,0,0,4,0,13,0,1,2,2,0,1,0,1,4,1,0,13,1,9,2,0,6,4,3,1,0,1,0,1,0,3,2,10,1,0,2,12,3,1,1,0,0,0,0,17,5,10,0,0,6,2,5,2,0,0,3,0,0,13,0,41,4,0,5,6,6,1,6,2,2,0,0,E09000017,Hillingdon,26.723,9745,26.723,9745,3,0.178,8213,3,0.101,12334,4,27.636,9551,3,0.094,14609,5,0.636,7251,3,31.179,6173,2,23.592,12713,4,0.206,9709,3,0.296,4834,2,0.154,13633,5,0.402,6691,3,-0.183,18978,6,3.506,3362,2,-0.55,24517,8,1.33,2299,1,1825,505,1055,265,1051,-0.442091097934016,51.52121466369321,Hillingdon London Boro
35,0,0,0,0,0,0,0,0,0,0,0,0,0,0,0,0,0,0,0,0,0,0,0,0,0,0,0,0,0,0,0,0,1,0,0,0,1,0,0,1,0,0,1,0,0,0,0,0,0,0,0,0,0,0,0,1,0,0,1,1,0,0,0,-0.418164,51.515946,0,0,0,0,0,0,0,0,0,0,0,0,0,0,1,0,3,2,0,1,0,0,0,0,0,0,0,0,5,1,4,4,1,2,3,2,0,0,2,2,0,0,17,1,19,2,0,7,2,4,1,3,0,1,1,0,35,2,37,6,2,15,5,8,1,9,2,2,1,0,25,1,17,3,4,10,15,2,3,19,0,1,0,0,27,6,20,5,2,15,10,5,9,5,1,2,2,0,E09000017,Hillingdon,29.205,8401,29.205,8401,3,0.184,7736,3,0.129,8644,3,33.577,7247,3,0.162,13581,5,0.587,7896,3,31.472,5978,2,18.778,16207,5,0.194,10455,4,0.275,5705,2,0.329,11032,4,0.434,4782,2,-0.189,19075,6,3.573,3248,1,-0.31,21297,7,0.721,6310,2,1668,427,1002,239,986,-0.41696493148324,51.51445432264549,Hillingdon London Boro
36,0,0,0,0,0,0,0,0,0,0,0,0,0,0,0,0,0,0,0,0,0,0,0,0,0,0,0,0,0,0,0,0,1,0,0,0,0,0,0,0,1,1,0,0,0,0,1,2,2,3,0,0,0,0,0,0,0,0,0,0,0,0,0,-0.4774054,51.5373487,0,0,2,0,0,3,0,0,0,0,0,0,1,0,6,1,2,0,0,2,1,1,1,0,1,0,0,0,7,2,4,2,0,2,1,4,1,2,1,2,0,0,8,7,18,0,0,5,6,2,1,0,1,0,3,0,9,2,17,11,6,18,9,9,0,7,1,0,3,2,40,4,23,10,2,3,7,8,2,24,0,4,3,1,33,0,22,2,0,4,6,9,1,0,0,1,0,1,E09000017,Hillingdon,21.577,13111,21.577,13111,4,0.1,16351,5,0.083,15748,5,12.681,19330,6,-0.034,16524,6,0.563,8220,3,40.674,2002,1,24.706,11968,4,0.106,18699,6,0.18,11505,4,-0.269,20497,7,0.29,17135,6,0.439,8782,3,3.682,3069,1,0.229,12883,4,0.553,7856,3,2676,480,1802,394,1825,-0.476438002941286,51.53996329586307,Hillingdon London Boro
37,0,0,0,0,0,0,0,0,0,0,0,0,1,0,0,0,0,0,0,0,0,0,0,0,0,0,0,0,0,0,0,0,0,0,0,0,0,1,0,0,0,0,0,0,0,0,0,0,0,1,0,0,0,0,0,0,0,1,1,2,0,0,0,-0.4752024,51.5022957,0,0,0,1,0,0,0,0,0,0,0,0,0,0,2,0,5,0,0,0,0,1,0,0,0,0,0,0,8,1,1,1,0,0,1,2,1,0,0,0,2,0,3,1,7,1,1,3,5,2,0,0,0,0,0,0,11,2,24,1,0,6,7,8,1,3,0,2,1,0,8,5,23,4,0,8,4,2,1,1,0,1,0,2,8,2,11,3,0,6,5,0,0,7,0,0,0,0,E09000017,Hillingdon,19.294,15013,19.294,15013,5,0.095,17126,6,0.055,22958,7,11.935,20000,7,-0.199,19126,6,1.406,1334,1,19.161,17663,6,34.789,6333,2,0.14,14957,5,0.136,15533,5,-0.458,23312,8,0.299,16090,5,-0.888,28844,9,2.071,6718,3,0.521,8899,3,1.004,4100,2,1673,332,947,394,968,-0.473407640058093,51.50377141969658,Hillingdon London Boro
38,0,0,0,0,0,0,0,0,0,0,0,0,1,0,0,0,0,0,0,0,0,0,0,0,0,0,0,0,0,0,0,0,0,0,0,0,0,1,0,0,0,0,0,0,0,0,0,0,0,1,0,0,0,0,0,0,0,1,1,2,0,0,0,-0.4752024,51.5022957,0,0,0,1,0,0,0,0,0,0,0,0,0,0,2,0,5,0,0,0,0,1,0,0,0,0,0,0,8,1,1,1,0,0,1,2,1,0,0,0,2,0,3,1,7,1,1,3,5,2,0,0,0,0,0,0,11,2,24,1,0,6,7,8,1,3,0,2,1,0,8,5,23,4,0,8,4,2,1,1,0,1,0,2,8,2,11,3,0,6,5,0,0,7,0,0,0,0,E09000017,Hillingdon,19.294,15013,19.294,15013,5,0.095,17126,6,0.055,22958,7,11.935,20000,7,-0.199,19126,6,1.406,1334,1,19.161,17663,6,34.789,6333,2,0.14,14957,5,0.136,15533,5,-0.458,23312,8,0.299,16090,5,-0.888,28844,9,2.071,6718,3,0.521,8899,3,1.004,4100,2,1673,332,947,394,968,-0.473407640058093,51.50377141969658,Hillingdon London Boro
39,0,0,0,0,0,0,0,0,0,0,0,0,1,0,0,0,0,0,0,0,0,0,0,0,0,0,0,0,0,0,0,0,0,0,0,0,0,1,0,0,0,0,0,0,0,0,0,0,0,1,0,0,0,0,0,0,0,1,1,2,0,0,0,-0.4752024,51.5022957,0,0,0,1,0,0,0,0,0,0,0,0,0,0,2,0,5,0,0,0,0,1,0,0,0,0,0,0,8,1,1,1,0,0,1,2,1,0,0,0,2,0,3,1,7,1,1,3,5,2,0,0,0,0,0,0,11,2,24,1,0,6,7,8,1,3,0,2,1,0,8,5,23,4,0,8,4,2,1,1,0,1,0,2,8,2,11,3,0,6,5,0,0,7,0,0,0,0,E09000017,Hillingdon,19.294,15013,19.294,15013,5,0.095,17126,6,0.055,22958,7,11.935,20000,7,-0.199,19126,6,1.406,1334,1,19.161,17663,6,34.789,6333,2,0.14,14957,5,0.136,15533,5,-0.458,23312,8,0.299,16090,5,-0.888,28844,9,2.071,6718,3,0.521,8899,3,1.004,4100,2,1673,332,947,394,968,-0.473407640058093,51.50377141969658,Hillingdon London Boro
40,0,0,0,0,0,0,0,0,0,0,0,0,1,0,0,0,0,0,0,0,0,0,0,0,0,0,0,0,0,0,0,0,0,0,0,0,0,1,0,0,0,0,0,0,0,0,0,0,0,1,0,0,0,0,0,0,0,1,1,2,0,0,0,-0.4752024,51.5022957,0,0,0,1,0,0,0,0,0,0,0,0,0,0,2,0,5,0,0,0,0,1,0,0,0,0,0,0,8,1,1,1,0,0,1,2,1,0,0,0,2,0,3,1,7,1,1,3,5,2,0,0,0,0,0,0,11,2,24,1,0,6,7,8,1,3,0,2,1,0,8,5,23,4,0,8,4,2,1,1,0,1,0,2,8,2,11,3,0,6,5,0,0,7,0,0,0,0,E09000017,Hillingdon,19.294,15013,19.294,15013,5,0.095,17126,6,0.055,22958,7,11.935,20000,7,-0.199,19126,6,1.406,1334,1,19.161,17663,6,34.789,6333,2,0.14,14957,5,0.136,15533,5,-0.458,23312,8,0.299,16090,5,-0.888,28844,9,2.071,6718,3,0.521,8899,3,1.004,4100,2,1673,332,947,394,968,-0.473407640058093,51.50377141969658,Hillingdon London Boro
41,0,0,0,0,0,0,0,0,0,0,0,0,0,0,0,0,0,0,0,0,0,0,0,0,0,0,0,0,0,0,0,0,0,0,0,0,0,0,0,0,0,0,0,0,0,0,0,0,1,0,0,0,0,0,0,0,0,0,0,0,0,0,0,-0.407003,51.6011574,3,0,0,0,0,0,0,0,0,0,0,0,0,0,1,1,4,0,0,1,1,2,1,2,0,1,0,0,4,0,3,1,1,3,3,4,0,0,2,0,0,0,3,0,0,0,0,2,0,1,0,0,0,0,0,0,5,2,4,0,0,5,2,0,1,0,1,0,0,0,2,2,5,0,0,2,2,2,0,1,0,0,0,0,0,3,2,0,0,0,0,1,0,0,0,0,0,0,E09000017,Hillingdon,9.321,25352,9.321,25352,8,0.065,22589,7,0.06,21574,7,3.698,28878,9,-0.445,22704,7,-0.413,22612,7,22.762,13458,5,14.664,19508,6,0.062,25293,8,0.105,19392,6,-1.263,31016,10,0.22,25098,8,-0.235,19842,7,1.934,7117,3,-0.207,19718,7,0.143,12975,4,1813,369,1042,402,1039,-0.40544523387608,51.60130070893941,Hillingdon London Boro
42,0,0,0,0,0,0,0,0,0,0,0,0,0,1,0,0,0,0,0,0,0,0,0,0,0,0,0,0,0,0,0,0,0,0,0,0,0,0,0,0,1,0,0,0,0,1,0,0,1,0,1,0,0,0,0,0,0,2,0,0,0,0,0,-0.460707,51.536088,0,0,0,0,0,0,0,0,0,0,0,0,0,0,2,0,0,0,0,0,0,0,0,0,0,0,1,0,2,0,2,1,0,0,0,1,0,0,0,0,0,0,2,1,3,0,0,1,0,4,0,0,0,1,0,0,4,4,28,1,0,6,10,4,2,7,2,2,1,0,27,2,12,10,0,7,6,0,0,1,2,1,3,0,16,6,16,6,3,4,11,8,2,2,0,1,1,0,E09000017,Hillingdon,23.569,11647,23.569,11647,4,0.142,11292,4,0.108,11335,4,16.452,16224,5,0.001,16010,5,0.639,7214,3,33.645,4749,2,17.132,17484,6,0.145,14535,5,0.207,9471,3,-0.211,19569,6,0.329,12811,4,0.282,11004,4,2.831,4764,2,-0.546,24468,8,0.764,5932,2,1558,356,886,316,881,-0.455582941946291,51.53676073902957,Hillingdon London Boro
43,0,0,0,0,0,0,0,0,0,0,0,0,0,0,0,0,0,0,0,0,0,0,0,0,0,0,0,0,0,0,1,0,1,0,0,0,1,0,0,0,0,1,0,0,0,0,1,0,1,1,0,0,0,0,0,0,0,1,1,1,0,0,0,-0.47098,51.519551,0,0,1,0,0,0,0,0,0,0,0,0,0,0,0,0,3,0,0,0,2,3,0,0,0,0,0,0,11,2,4,1,0,0,1,0,0,0,0,1,0,0,14,1,18,2,1,4,7,2,0,11,0,0,0,0,20,7,21,3,0,8,2,4,0,0,0,2,0,1,10,6,40,4,1,5,10,9,2,2,0,3,1,0,12,2,14,1,0,8,8,4,0,0,0,1,4,0,E09000017,Hillingdon,29.539,8239,29.539,8239,3,0.144,11042,4,0.101,12447,4,26.26,10176,4,0.24,12516,4,0.239,12877,4,52.288,137,1,23.356,12881,4,0.196,10345,4,0.201,9891,4,0.557,8126,3,0.33,12762,4,0.787,5006,2,4.459,1730,1,0.16,13981,5,0.539,8003,3,1844,408,1254,182,1256,-0.468756535468694,51.52009531682288,Hillingdon London Boro
44,0,0,0,0,0,0,0,0,0,0,0,0,0,0,0,0,0,0,0,0,0,0,0,0,0,0,0,0,0,0,0,0,0,0,0,0,0,0,0,1,0,0,0,0,0,1,0,0,1,0,0,0,0,0,1,0,2,1,0,0,0,0,0,-0.440764,51.522913,0,0,0,0,0,0,0,0,0,0,0,0,0,0,1,0,2,0,0,0,0,0,0,0,0,1,0,0,7,1,15,3,1,5,2,1,1,0,2,3,2,0,4,0,10,0,0,4,5,3,1,0,0,0,0,0,14,2,6,1,0,2,10,2,0,1,0,1,0,0,14,5,21,0,0,5,3,5,3,0,0,2,0,0,15,0,34,5,0,5,7,5,1,6,2,1,0,0,E09000017,Hillingdon,26.723,9745,26.723,9745,3,0.178,8213,3,0.101,12334,4,27.636,9551,3,0.094,14609,5,0.636,7251,3,31.179,6173,2,23.592,12713,4,0.206,9709,3,0.296,4834,2,0.154,13633,5,0.402,6691,3,-0.183,18978,6,3.506,3362,2,-0.55,24517,8,1.33,2299,1,1825,505,1055,265,1051,-0.442091097934016,51.52121466369321,Hillingdon London Boro
45,0,0,0,0,0,0,0,0,0,0,0,0,0,0,0,0,0,0,0,0,0,0,0,0,0,0,0,0,0,0,0,0,0,0,0,0,0,0,0,2,0,0,0,0,0,1,0,1,0,0,0,0,0,0,0,0,0,1,0,0,0,0,0,-0.438667,51.518639,1,0,0,0,0,2,0,0,0,0,1,0,0,0,0,0,6,0,1,2,1,0,0,0,0,1,0,0,2,0,15,0,0,2,2,1,0,0,0,0,0,0,7,2,7,2,0,3,4,4,2,0,0,1,2,0,13,0,7,1,0,4,5,4,1,0,2,4,0,0,17,4,14,1,0,4,3,2,0,0,1,1,0,0,12,2,16,3,1,6,8,1,0,1,0,2,0,0,E09000017,Hillingdon,26.617,9823,26.617,9823,3,0.185,7653,3,0.109,11232,4,27.593,9564,3,0.108,14394,5,0.572,8109,3,29.494,7305,3,19.887,15378,5,0.219,8805,3,0.288,5166,2,0.269,11883,4,0.386,7733,3,-0.833,28317,9,3.966,2534,1,-0.154,18901,6,0.65,6938,3,2287,665,1338,284,1301,-0.435465382345558,51.5193249541879,Hillingdon London Boro
46,0,0,0,0,0,0,0,0,0,0,0,0,0,0,0,0,0,0,0,1,0,0,0,2,1,0,0,0,0,1,0,0,0,0,0,0,0,0,0,0,1,0,0,0,0,0,0,0,1,0,0,0,0,0,0,0,0,0,0,0,0,0,0,-0.416654,51.505854,0,0,0,0,0,0,0,0,0,0,0,0,0,0,13,0,4,2,4,0,9,1,4,18,0,0,0,0,16,2,10,7,2,5,9,1,4,6,0,2,1,0,18,6,13,5,1,9,0,1,0,4,0,0,1,0,6,3,8,2,5,6,5,1,1,2,1,0,0,0,15,0,17,1,0,5,3,0,0,0,2,0,0,0,24,2,24,9,0,6,2,6,0,10,1,4,0,0,E09000017,Hillingdon,32.981,6678,32.981,6678,3,0.196,6928,3,0.122,9393,3,23.387,11681,4,0.193,13167,5,1.18,2354,1,39.771,2267,1,26.015,11150,4,0.232,7925,3,0.36,2804,1,-0.056,17009,6,0.384,7879,3,-0.415,22756,7,4.928,1074,1,-0.452,23251,8,1.454,1778,1,2177,549,1375,253,1360,-0.416485934846614,51.506795736612695,Hillingdon London Boro
47,0,0,0,0,0,0,0,0,0,0,0,0,0,0,0,0,0,0,0,0,0,0,0,0,0,0,0,0,0,0,1,0,1,0,0,0,1,0,0,1,0,1,0,0,0,0,1,0,1,1,0,0,0,0,0,0,1,0,1,0,0,0,0,-0.467035,51.518996,5,0,0,0,0,0,0,0,0,0,0,0,0,0,2,0,2,0,0,0,0,0,0,0,0,1,0,0,6,0,5,0,1,1,2,4,0,0,0,0,0,0,10,2,14,2,0,2,4,0,0,3,0,1,0,0,22,7,14,4,0,7,4,4,0,6,0,2,0,1,11,7,48,4,1,7,13,9,1,4,0,3,1,0,15,0,17,1,0,7,2,6,1,0,1,0,3,1,E09000017,Hillingdon,29.539,8239,29.539,8239,3,0.144,11042,4,0.101,12447,4,26.26,10176,4,0.24,12516,4,0.239,12877,4,52.288,137,1,23.356,12881,4,0.196,10345,4,0.201,9891,4,0.557,8126,3,0.33,12762,4,0.787,5006,2,4.459,1730,1,0.16,13981,5,0.539,8003,3,1844,408,1254,182,1256,-0.468756535468694,51.52009531682288,Hillingdon London Boro
48,0,0,0,0,0,0,0,0,0,0,0,0,0,0,0,0,0,0,0,0,0,0,0,0,0,0,0,0,0,0,1,0,1,0,0,0,1,0,0,1,0,1,0,0,0,0,1,0,1,1,0,0,0,0,0,0,1,0,1,0,0,0,0,-0.467035,51.518996,5,0,0,0,0,0,0,0,0,0,0,0,0,0,2,0,2,0,0,0,0,0,0,0,0,1,0,0,6,0,5,0,1,1,2,4,0,0,0,0,0,0,10,2,14,2,0,2,4,0,0,3,0,1,0,0,22,7,14,4,0,7,4,4,0,6,0,2,0,1,11,7,48,4,1,7,13,9,1,4,0,3,1,0,15,0,17,1,0,7,2,6,1,0,1,0,3,1,E09000017,Hillingdon,29.539,8239,29.539,8239,3,0.144,11042,4,0.101,12447,4,26.26,10176,4,0.24,12516,4,0.239,12877,4,52.288,137,1,23.356,12881,4,0.196,10345,4,0.201,9891,4,0.557,8126,3,0.33,12762,4,0.787,5006,2,4.459,1730,1,0.16,13981,5,0.539,8003,3,1844,408,1254,182,1256,-0.468756535468694,51.52009531682288,Hillingdon London Boro
49,0,0,0,0,0,0,0,0,0,0,0,0,0,0,0,0,0,0,0,0,0,0,0,0,0,0,0,0,0,0,1,0,1,0,0,0,1,0,0,1,0,1,0,0,0,0,1,0,1,1,0,0,0,0,0,0,1,0,1,0,0,0,0,-0.467035,51.518996,5,0,0,0,0,0,0,0,0,0,0,0,0,0,2,0,2,0,0,0,0,0,0,0,0,1,0,0,6,0,5,0,1,1,2,4,0,0,0,0,0,0,10,2,14,2,0,2,4,0,0,3,0,1,0,0,22,7,14,4,0,7,4,4,0,6,0,2,0,1,11,7,48,4,1,7,13,9,1,4,0,3,1,0,15,0,17,1,0,7,2,6,1,0,1,0,3,1,E09000017,Hillingdon,29.539,8239,29.539,8239,3,0.144,11042,4,0.101,12447,4,26.26,10176,4,0.24,12516,4,0.239,12877,4,52.288,137,1,23.356,12881,4,0.196,10345,4,0.201,9891,4,0.557,8126,3,0.33,12762,4,0.787,5006,2,4.459,1730,1,0.16,13981,5,0.539,8003,3,1844,408,1254,182,1256,-0.468756535468694,51.52009531682288,Hillingdon London Boro
50,0,0,0,0,0,0,0,0,0,0,0,0,0,0,0,0,0,0,0,0,0,0,0,0,0,0,0,0,0,0,1,0,1,0,0,0,1,0,0,1,0,1,0,0,0,0,1,0,1,1,0,0,0,0,0,0,1,0,1,0,0,0,0,-0.467035,51.518996,5,0,0,0,0,0,0,0,0,0,0,0,0,0,2,0,2,0,0,0,0,0,0,0,0,1,0,0,6,0,5,0,1,1,2,4,0,0,0,0,0,0,10,2,14,2,0,2,4,0,0,3,0,1,0,0,22,7,14,4,0,7,4,4,0,6,0,2,0,1,11,7,48,4,1,7,13,9,1,4,0,3,1,0,15,0,17,1,0,7,2,6,1,0,1,0,3,1,E09000017,Hillingdon,29.539,8239,29.539,8239,3,0.144,11042,4,0.101,12447,4,26.26,10176,4,0.24,12516,4,0.239,12877,4,52.288,137,1,23.356,12881,4,0.196,10345,4,0.201,9891,4,0.557,8126,3,0.33,12762,4,0.787,5006,2,4.459,1730,1,0.16,13981,5,0.539,8003,3,1844,408,1254,182,1256,-0.468756535468694,51.52009531682288,Hillingdon London Boro
51,0,0,0,0,0,0,0,0,0,0,0,0,0,0,0,0,0,0,0,0,0,0,0,0,0,0,0,0,0,0,0,0,0,0,0,0,0,0,1,0,0,0,0,0,0,0,0,0,1,0,0,0,0,0,1,0,0,1,1,0,0,0,0,-0.4429258,51.5290011,1,0,1,0,0,0,1,0,0,0,0,0,0,0,2,1,0,0,0,0,1,0,0,0,0,1,0,0,2,0,4,1,0,1,8,0,2,1,0,1,0,0,17,2,7,2,0,3,0,1,1,6,1,1,0,0,1,1,14,1,0,2,3,2,2,0,0,0,2,0,10,2,36,5,1,11,5,10,0,0,1,4,0,0,11,3,20,3,0,2,5,7,1,0,0,2,0,0,E09000017,Hillingdon,20.172,14192,20.172,14192,5,0.113,14513,5,0.088,14662,5,18.198,14999,5,-0.315,20901,7,0.912,4279,2,26.383,9826,3,18.656,16307,5,0.103,19123,6,0.171,12242,4,-0.188,19205,6,0.346,11157,4,-0.619,25796,8,3.264,3828,2,-0.39,22408,7,0.784,5768,2,1813,380,1111,322,1101,-0.443870567390347,51.53072997744025,Hillingdon London Boro
52,0,0,0,0,0,0,0,0,0,0,0,0,0,0,0,0,0,0,0,0,0,0,0,0,0,0,0,0,0,0,0,0,1,0,0,0,0,0,0,0,2,0,0,0,0,0,0,0,1,1,1,0,0,0,0,1,2,1,1,0,0,0,0,-0.481051,51.535678,0,0,1,0,0,0,0,1,0,0,0,0,0,0,0,0,0,0,0,2,1,1,0,0,0,0,0,0,16,5,11,2,0,5,2,1,2,1,1,1,1,0,4,2,11,2,0,6,3,1,0,1,1,1,4,0,8,4,20,3,0,17,4,6,1,0,1,0,1,2,38,4,16,12,6,5,11,8,3,16,1,2,2,1,23,1,28,6,2,1,7,12,0,15,0,2,2,1,E09000017,Hillingdon,10.113,24368,10.113,24368,8,0.05,26158,8,0.025,31571,10,13.274,18805,6,-0.61,24838,8,-0.24,20200,7,30.006,6966,3,23.303,12920,4,0.22,8755,3,0.11,18555,6,0.148,13720,5,0.228,24242,8,-0.09,17244,6,3.093,4181,2,0.253,12552,4,0.357,10033,4,6606,522,5641,443,5380,-0.479816652504132,51.53306467108898,Hillingdon London Boro
53,0,0,0,0,0,0,0,0,0,0,0,0,0,0,0,0,0,0,0,0,0,0,0,0,0,0,0,0,1,0,1,0,0,0,0,0,0,0,0,0,0,1,0,0,0,0,0,0,1,0,1,0,0,0,0,0,0,0,0,0,0,0,0,-0.479442,51.506082,0,0,0,0,0,0,0,0,0,0,0,0,0,0,3,0,0,1,0,0,1,1,1,0,0,0,0,0,2,0,7,0,0,2,4,3,1,2,0,0,0,0,6,4,19,1,1,3,3,3,0,0,0,1,2,0,13,5,9,3,0,4,7,1,0,1,0,0,1,1,12,1,17,0,0,7,4,4,0,8,0,1,0,0,9,0,15,6,1,6,4,3,1,2,0,1,0,1,E09000017,Hillingdon,17.549,16512,17.549,16512,6,0.114,14438,5,0.083,15640,5,13.262,18820,6,-0.064,16996,6,0.609,7602,3,21.399,15016,5,16.08,18354,6,0.166,12610,4,0.147,14418,5,-0.43,22883,7,0.313,14560,5,-0.472,23646,8,2.068,6724,3,-0.637,25615,8,0.728,6239,2,1664,260,1021,383,1029,-0.478136406117848,51.50809849873992,Hillingdon London Boro
54,0,0,0,0,0,0,0,0,0,0,0,0,0,0,0,0,0,0,0,0,0,0,0,0,0,0,0,0,0,0,0,0,0,2,0,0,0,0,1,0,0,0,0,0,0,0,1,1,0,0,0,0,0,0,0,0,0,2,1,1,0,0,0,-0.473765,51.556077,0,0,0,0,0,0,0,0,0,0,0,0,0,0,0,1,1,0,0,0,0,0,0,0,0,0,0,0,3,0,1,0,0,3,0,0,0,0,0,0,0,0,5,0,0,0,0,1,1,3,0,0,0,0,0,0,18,2,11,3,1,1,6,4,0,5,0,1,0,1,26,2,21,10,6,0,11,11,2,25,1,2,2,0,2,2,5,4,1,2,3,5,1,1,0,2,0,1,E09000017,Hillingdon,6.058,29384,6.058,29384,9,0.049,26341,9,0.034,29712,10,1.597,31333,10,-1.176,30141,10,0.052,15864,5,20.193,16426,6,13.994,20116,7,0.059,25852,8,0.062,26799,9,-1.452,31802,10,0.171,29469,9,-0.058,16691,6,0.954,10742,4,-0.653,25796,8,0.519,8204,3,1981,373,1073,535,1089,-0.474101520947492,51.55290895696475,Hillingdon London Boro
55,0,0,0,0,0,0,0,0,0,0,0,0,0,0,0,0,0,0,0,0,0,0,0,0,0,0,0,0,0,0,0,0,0,2,0,0,0,0,0,0,0,0,0,0,0,0,1,2,0,0,0,0,0,0,0,0,0,2,1,1,0,0,0,-0.4732555,51.5562232,0,0,0,0,0,0,0,0,0,0,0,0,0,0,0,0,1,0,0,0,0,0,0,0,0,0,0,0,3,1,1,0,0,3,0,0,0,0,0,0,0,0,5,0,0,0,0,0,1,3,0,0,0,0,0,0,18,1,11,2,0,1,5,4,0,0,0,1,0,1,26,3,20,10,5,1,9,11,2,28,1,2,2,0,2,2,5,5,3,2,6,5,1,3,0,2,0,1,E09000017,Hillingdon,6.058,29384,6.058,29384,9,0.049,26341,9,0.034,29712,10,1.597,31333,10,-1.176,30141,10,0.052,15864,5,20.193,16426,6,13.994,20116,7,0.059,25852,8,0.062,26799,9,-1.452,31802,10,0.171,29469,9,-0.058,16691,6,0.954,10742,4,-0.653,25796,8,0.519,8204,3,1981,373,1073,535,1089,-0.474101520947492,51.55290895696475,Hillingdon London Boro
56,0,0,0,0,0,0,0,0,0,0,0,0,0,0,0,0,0,0,0,0,0,0,0,0,0,0,0,1,0,0,0,0,0,0,0,0,0,0,0,0,0,0,0,0,0,0,0,0,0,0,0,0,0,0,0,0,0,0,0,0,0,0,0,-0.485907,51.6131,0,0,0,0,0,0,0,0,0,0,0,0,0,0,0,0,0,0,0,0,0,0,0,0,0,0,0,0,0,0,0,0,0,0,0,0,0,0,0,0,0,0,1,0,0,0,0,0,0,0,0,0,0,0,0,0,1,0,3,1,0,1,1,2,0,1,0,1,0,0,1,0,2,1,0,1,1,0,0,0,0,0,0,0,2,0,1,0,0,1,0,0,0,0,0,0,0,0,E09000017,Hillingdon,12.569,21531,12.569,21531,7,0.068,21826,7,0.053,23777,8,13.086,18960,6,-0.371,21744,7,-0.899,28232,9,38.753,2571,1,7.537,26687,9,0.092,20454,7,0.062,26841,9,-0.135,18335,6,0.278,18481,6,1.102,2926,1,0.906,10920,4,-0.782,27156,9,-0.142,17685,6,1340,251,730,359,745,-0.493887853758283,51.6100083429647,Hillingdon London Boro
57,0,0,0,0,0,0,0,0,0,0,0,0,0,0,0,0,0,0,0,1,0,0,0,1,0,0,0,0,0,0,0,0,0,0,0,0,0,0,0,0,0,0,0,0,0,0,0,0,0,0,0,0,0,0,0,0,0,0,1,0,0,0,0,-0.4208671,51.6081697,0,0,0,0,0,0,0,0,0,0,0,0,0,0,0,0,0,0,0,0,0,0,0,0,0,0,0,0,3,0,6,0,1,3,1,1,2,4,0,0,0,0,8,3,1,0,0,5,1,3,0,0,1,0,0,0,2,2,1,1,1,4,2,2,0,0,2,0,0,0,8,2,7,1,0,4,1,1,1,2,0,1,0,0,0,0,13,0,0,2,3,3,0,0,0,0,0,0,E09000017,Hillingdon,7.519,27666,7.519,27666,9,0.066,22368,7,0.05,24726,8,4.301,28164,9,-0.903,28007,9,-0.358,21860,7,21.105,15374,5,10.553,23486,8,0.078,22653,7,0.088,21886,7,-0.609,25378,8,0.176,29086,9,-0.403,22573,7,1.891,7252,3,-0.46,23362,8,-0.043,16003,5,1633,289,886,458,891,-0.419763102018254,51.60972667393501,Hillingdon London Boro
58,0,0,0,0,0,0,0,0,0,1,0,0,0,0,0,0,0,0,0,0,0,0,0,0,0,0,0,0,0,0,0,0,0,0,0,0,0,0,0,0,0,0,0,0,0,0,0,0,1,0,0,0,0,0,0,0,0,0,0,1,1,0,0,-0.424661,51.520628,0,0,1,0,0,0,0,0,1,0,0,0,0,0,4,0,6,0,0,1,0,0,0,0,0,1,0,0,4,0,8,0,0,1,1,0,0,0,1,0,0,0,12,2,24,5,0,11,4,6,1,1,0,1,1,0,11,2,20,1,1,10,7,8,1,0,2,2,1,0,16,1,17,5,2,8,3,4,2,1,1,2,0,0,35,2,24,8,0,10,6,5,0,10,1,2,2,0,E09000017,Hillingdon,25.275,10595,25.275,10595,4,0.172,8654,3,0.092,13950,5,23.324,11714,4,0.19,13200,5,0.572,8098,3,32.29,5474,2,20.966,14584,5,0.233,7895,3,0.25,6923,3,-0.084,17477,6,0.386,7706,3,-0.203,19297,6,3.743,2957,1,-0.036,17019,6,0.6,7426,3,2605,668,1597,340,1577,-0.423132773410071,51.51643457854656,Hillingdon London Boro
59,0,0,0,0,0,0,0,0,0,0,0,0,0,0,0,0,0,0,1,0,0,0,0,0,0,0,0,0,0,0,0,0,0,0,0,0,0,0,0,0,0,0,0,0,0,0,0,0,0,0,0,0,0,0,0,0,1,1,0,0,0,0,0,-0.4283808,51.524356,0,0,1,0,0,0,1,0,0,0,0,0,0,0,0,0,1,0,0,2,0,1,0,0,0,0,0,0,7,1,18,2,0,1,2,2,3,0,0,1,2,0,6,1,18,0,0,6,1,2,0,0,0,1,0,0,13,1,16,2,1,7,4,4,0,0,2,2,0,0,12,2,20,6,0,7,8,6,1,1,1,4,0,0,16,1,12,3,1,7,3,3,2,0,2,1,0,0,E09000017,Hillingdon,13.203,20845,13.203,20845,7,0.098,16564,6,0.046,26070,8,14.412,17820,6,-0.633,25124,8,0.019,16383,5,26.615,9627,3,22.338,13631,5,0.135,15476,5,0.136,15487,5,-0.54,24478,8,0.335,12265,4,-0.224,19658,6,2.729,5018,2,0.057,15550,5,0.604,7402,3,1615,308,973,334,973,-0.425769053049822,51.52654118898885,Hillingdon London Boro
60,0,2,0,0,0,0,0,0,0,0,0,0,0,0,0,0,0,0,0,0,0,0,1,0,0,0,0,0,0,0,0,0,0,0,0,0,0,0,0,0,0,0,0,0,0,0,0,1,0,0,0,0,0,0,0,0,0,0,0,0,0,0,0,-0.436978,51.570052,0,0,0,0,0,0,0,0,0,0,0,0,0,0,3,0,4,1,0,2,0,1,0,0,0,0,0,0,2,2,0,1,0,2,0,3,0,0,0,0,0,1,1,0,4,1,0,1,2,0,0,1,0,0,0,0,5,1,8,3,0,4,2,3,0,2,1,1,0,0,10,0,8,2,0,4,2,0,0,3,0,1,0,0,7,0,5,0,0,2,2,3,0,0,0,0,0,0,E09000017,Hillingdon,7.147,28136,7.147,28136,9,0.052,25663,8,0.044,26702,9,4.815,27530,9,-0.631,25097,8,-0.199,19600,6,20.233,16384,5,12.852,21178,7,0.034,30116,10,0.111,18518,6,-0.597,25212,8,0.19,27979,9,-0.258,20200,7,1.44,8810,3,-0.532,24298,8,0.293,10841,4,1909,410,1111,388,1136,-0.438296235066305,51.56739419130291,Hillingdon London Boro
61,0,0,0,0,0,0,0,0,0,0,0,0,0,0,0,0,0,0,0,0,0,0,0,0,0,0,0,0,0,0,0,0,0,0,0,0,0,1,1,0,0,0,0,0,0,0,0,0,0,0,0,0,0,0,0,0,0,0,1,0,0,0,0,-0.4161262,51.5655282,0,0,0,0,0,0,0,0,0,0,0,0,0,0,1,0,1,0,0,0,2,0,0,0,0,0,0,0,2,1,1,1,0,2,2,1,0,0,0,0,0,0,4,0,8,0,0,0,4,1,0,0,1,0,0,1,13,1,9,3,0,1,1,1,0,4,0,1,0,0,8,1,12,1,0,4,3,2,0,3,1,0,0,0,9,4,10,3,1,9,3,2,1,4,0,0,0,0,E09000017,Hillingdon,10.44,23956,10.44,23956,8,0.074,20756,7,0.051,24261,8,9.716,22138,7,-0.432,22538,7,-0.264,20535,7,23.622,12522,4,15.788,18589,6,0.123,16767,6,0.089,21840,7,-0.247,20171,7,0.242,22660,7,-0.079,17051,6,1.759,7691,3,-0.392,22433,7,0.485,8560,3,1579,365,961,253,968,-0.416606470001012,51.56527199783285,Hillingdon London Boro
62,0,0,0,0,0,0,0,0,0,0,0,0,0,0,0,0,0,0,0,0,0,0,0,0,0,0,0,0,0,0,0,0,0,0,0,0,0,1,1,0,0,0,0,0,0,0,0,0,0,0,0,0,0,0,0,0,0,0,1,0,0,0,0,-0.4161262,51.5655282,0,0,0,0,0,0,0,0,0,0,0,0,0,0,1,0,1,0,0,0,2,0,0,0,0,0,0,0,2,1,1,1,0,2,2,1,0,0,0,0,0,0,4,0,8,0,0,0,4,1,0,0,1,0,0,1,13,1,9,3,0,1,1,1,0,4,0,1,0,0,8,1,12,1,0,4,3,2,0,3,1,0,0,0,9,4,10,3,1,9,3,2,1,4,0,0,0,0,E09000017,Hillingdon,10.44,23956,10.44,23956,8,0.074,20756,7,0.051,24261,8,9.716,22138,7,-0.432,22538,7,-0.264,20535,7,23.622,12522,4,15.788,18589,6,0.123,16767,6,0.089,21840,7,-0.247,20171,7,0.242,22660,7,-0.079,17051,6,1.759,7691,3,-0.392,22433,7,0.485,8560,3,1579,365,961,253,968,-0.416606470001012,51.56527199783285,Hillingdon London Boro
63,0,0,0,0,0,0,0,0,0,0,0,0,0,0,0,0,0,0,0,0,0,0,0,0,0,0,0,0,0,0,0,0,0,0,0,0,0,1,1,0,0,0,0,0,0,0,0,0,0,0,0,0,0,0,0,0,0,0,1,0,0,0,0,-0.4161262,51.5655282,0,0,0,0,0,0,0,0,0,0,0,0,0,0,1,0,1,0,0,0,2,0,0,0,0,0,0,0,2,1,1,1,0,2,2,1,0,0,0,0,0,0,4,0,8,0,0,0,4,1,0,0,1,0,0,1,13,1,9,3,0,1,1,1,0,4,0,1,0,0,8,1,12,1,0,4,3,2,0,3,1,0,0,0,9,4,10,3,1,9,3,2,1,4,0,0,0,0,E09000017,Hillingdon,10.44,23956,10.44,23956,8,0.074,20756,7,0.051,24261,8,9.716,22138,7,-0.432,22538,7,-0.264,20535,7,23.622,12522,4,15.788,18589,6,0.123,16767,6,0.089,21840,7,-0.247,20171,7,0.242,22660,7,-0.079,17051,6,1.759,7691,3,-0.392,22433,7,0.485,8560,3,1579,365,961,253,968,-0.416606470001012,51.56527199783285,Hillingdon London Boro
64,0,0,0,0,0,0,0,0,0,0,0,0,0,0,0,0,0,0,0,0,0,0,0,0,0,0,0,0,0,0,0,0,0,0,0,0,0,1,1,0,0,0,0,0,0,0,0,0,0,0,0,0,0,0,0,0,0,0,1,0,0,0,0,-0.4161262,51.5655282,0,0,0,0,0,0,0,0,0,0,0,0,0,0,1,0,1,0,0,0,2,0,0,0,0,0,0,0,2,1,1,1,0,2,2,1,0,0,0,0,0,0,4,0,8,0,0,0,4,1,0,0,1,0,0,1,13,1,9,3,0,1,1,1,0,4,0,1,0,0,8,1,12,1,0,4,3,2,0,3,1,0,0,0,9,4,10,3,1,9,3,2,1,4,0,0,0,0,E09000017,Hillingdon,10.44,23956,10.44,23956,8,0.074,20756,7,0.051,24261,8,9.716,22138,7,-0.432,22538,7,-0.264,20535,7,23.622,12522,4,15.788,18589,6,0.123,16767,6,0.089,21840,7,-0.247,20171,7,0.242,22660,7,-0.079,17051,6,1.759,7691,3,-0.392,22433,7,0.485,8560,3,1579,365,961,253,968,-0.416606470001012,51.56527199783285,Hillingdon London Boro
65,0,0,0,0,0,0,0,0,0,0,0,0,0,0,0,0,0,0,1,0,0,0,1,0,0,0,0,0,0,0,1,0,0,0,0,0,0,0,0,0,1,0,0,0,0,0,0,0,0,0,1,0,0,0,0,0,0,1,1,0,0,0,0,-0.459923,51.528146,0,0,1,0,0,1,1,0,0,0,0,1,0,0,1,0,17,3,0,1,3,4,0,0,0,0,0,0,14,1,5,0,0,1,0,1,0,0,0,1,0,0,10,0,0,0,0,0,3,1,0,0,0,0,0,0,9,4,8,1,0,2,6,0,1,7,1,2,1,0,24,2,24,4,0,4,9,5,1,0,0,2,2,0,7,2,22,1,0,5,1,7,1,1,1,3,2,0,E09000017,Hillingdon,13.287,20749,13.287,20749,7,0.065,22569,7,0.06,21625,7,10.976,20920,7,-0.456,22860,7,0.533,8634,3,28.535,8012,3,14.154,19981,7,0.098,19722,7,0.083,22899,7,-0.333,21477,7,0.273,19030,6,-0.254,20147,7,3.141,4071,2,-0.878,28031,9,0.67,6750,3,2362,359,1657,346,1625,-0.46064652564705,51.52732818938382,Hillingdon London Boro
66,0,0,0,0,0,0,0,0,0,0,0,0,0,0,0,0,0,0,0,0,0,1,0,0,0,0,0,0,0,0,1,0,0,0,0,0,1,0,1,0,0,0,0,0,0,0,0,0,0,0,0,0,0,0,0,0,0,1,1,1,0,0,0,-0.453905,51.51939,0,0,0,0,0,0,0,0,0,0,0,0,0,0,1,2,1,0,0,0,0,1,0,0,0,1,0,0,2,0,3,0,0,1,0,3,0,0,0,0,0,0,5,1,8,0,0,0,2,2,0,0,1,1,0,0,23,0,21,4,1,3,3,2,0,0,0,3,0,0,17,0,20,2,1,12,10,7,0,0,2,4,0,0,14,4,20,7,0,4,14,2,2,8,0,0,2,1,E09000017,Hillingdon,21.154,13435,21.154,13435,5,0.121,13609,5,0.097,13050,4,19.16,14282,5,-0.252,19908,7,0.355,11087,4,34.096,4525,2,20.021,15277,5,0.17,12308,4,0.143,14808,5,-0.043,16791,6,0.34,11721,4,0.351,10015,4,2.722,5037,2,-0.467,23472,8,0.976,4306,2,1842,372,1132,338,1142,-0.449027135866287,51.520266088966096,Hillingdon London Boro
67,0,0,0,0,0,0,0,0,0,0,0,0,0,0,0,0,0,0,0,0,0,0,0,0,0,0,0,0,2,0,0,0,0,0,0,0,0,0,0,0,0,0,0,0,0,0,0,0,0,1,0,0,0,0,0,1,0,0,0,1,0,0,0,-0.445457,51.565992,0,0,0,0,0,0,0,0,0,0,0,0,0,0,1,0,3,2,0,1,1,0,0,1,0,1,0,0,0,0,2,0,0,2,1,0,0,0,0,0,0,1,5,3,1,3,0,3,0,4,0,0,0,0,0,0,2,0,6,0,0,2,0,1,0,0,0,0,0,0,2,0,7,0,0,3,0,2,0,0,0,0,0,0,2,0,3,0,0,0,1,2,0,0,0,0,0,0,E09000017,Hillingdon,6.577,28811,6.577,28811,9,0.058,24286,8,0.038,28380,9,3.696,28886,9,-0.834,27324,9,-0.327,21425,7,16.678,20830,7,18.729,16244,5,0.067,24399,8,0.088,21876,7,-1.112,30176,10,0.214,25804,8,-0.568,25050,8,1.186,9761,3,-0.363,22031,7,0.766,5917,2,1320,220,699,401,711,-0.445530080544365,51.56254928250932,Hillingdon London Boro
68,0,0,0,0,0,0,0,0,0,0,0,0,0,0,0,0,0,0,0,0,0,0,0,0,0,0,0,0,0,0,2,0,0,0,0,0,1,0,0,0,0,0,0,0,0,0,0,1,0,0,0,0,0,0,0,0,0,0,1,0,0,0,0,-0.44929,51.522431,0,0,1,0,0,0,0,0,0,0,0,0,0,0,2,0,0,0,0,0,0,0,0,0,1,0,0,0,4,2,2,1,0,2,2,2,0,0,0,1,0,0,13,1,13,1,1,2,3,3,0,0,0,3,0,0,9,1,27,3,0,4,10,2,1,1,1,2,0,0,19,2,16,2,0,5,8,6,2,6,1,2,2,0,14,2,16,0,1,6,5,6,2,0,0,0,0,0,E09000017,Hillingdon,21.154,13435,21.154,13435,5,0.121,13609,5,0.097,13050,4,19.16,14282,5,-0.252,19908,7,0.355,11087,4,34.096,4525,2,20.021,15277,5,0.17,12308,4,0.143,14808,5,-0.043,16791,6,0.34,11721,4,0.351,10015,4,2.722,5037,2,-0.467,23472,8,0.976,4306,2,1842,372,1132,338,1142,-0.449027135866287,51.520266088966096,Hillingdon London Boro
69,0,0,0,0,0,0,0,0,0,0,0,0,0,0,0,0,0,0,0,1,0,0,0,0,0,0,0,0,0,0,2,0,2,0,0,0,0,0,0,0,0,0,0,0,0,0,0,0,0,0,0,0,0,0,0,0,0,0,1,0,0,0,0,-0.4763802,51.5084526,0,0,1,0,0,0,0,0,0,0,0,0,0,0,0,0,7,0,0,1,5,1,1,2,0,0,1,0,6,5,12,2,1,5,3,6,1,0,0,1,0,1,16,4,18,2,0,2,4,1,0,3,0,0,1,0,9,1,11,0,1,7,4,1,0,6,0,1,0,0,7,0,7,4,0,4,4,3,0,0,0,0,1,1,16,3,21,4,0,3,7,7,1,2,0,3,0,0,E09000017,Hillingdon,17.549,16512,17.549,16512,6,0.114,14438,5,0.083,15640,5,13.262,18820,6,-0.064,16996,6,0.609,7602,3,21.399,15016,5,16.08,18354,6,0.166,12610,4,0.147,14418,5,-0.43,22883,7,0.313,14560,5,-0.472,23646,8,2.068,6724,3,-0.637,25615,8,0.728,6239,2,1664,260,1021,383,1029,-0.478136406117848,51.50809849873992,Hillingdon London Boro
70,0,0,0,0,0,0,0,0,0,0,0,0,0,0,0,0,0,0,0,0,0,0,1,0,0,0,0,1,0,0,1,1,0,0,0,0,0,0,0,0,0,0,0,0,0,0,0,0,0,0,1,0,0,0,0,0,0,0,0,0,0,0,0,-0.4589306,51.5297789,0,0,1,0,0,0,0,2,0,0,0,0,0,0,1,0,1,0,0,1,1,0,0,0,0,1,0,0,4,0,17,3,0,1,3,2,0,0,0,0,0,0,21,1,8,0,0,2,9,2,1,7,0,1,0,0,11,3,3,2,0,1,1,1,0,0,0,1,1,0,13,3,20,3,0,4,7,6,2,0,2,5,2,0,13,4,26,3,0,9,3,4,0,1,2,2,2,0,E09000017,Hillingdon,13.287,20749,13.287,20749,7,0.065,22569,7,0.06,21625,7,10.976,20920,7,-0.456,22860,7,0.533,8634,3,28.535,8012,3,14.154,19981,7,0.098,19722,7,0.083,22899,7,-0.333,21477,7,0.273,19030,6,-0.254,20147,7,3.141,4071,2,-0.878,28031,9,0.67,6750,3,2362,359,1657,346,1625,-0.46064652564705,51.52732818938382,Hillingdon London Boro
71,0,0,0,0,0,0,0,0,0,0,0,0,0,0,0,0,0,0,0,0,0,0,0,0,0,0,0,0,0,0,0,0,0,0,0,0,1,0,0,0,0,0,0,0,0,0,0,1,0,0,0,0,0,0,0,0,0,2,0,0,0,0,0,-0.433611,51.524435,0,0,0,0,0,0,0,0,0,0,0,0,0,0,1,1,3,2,0,1,1,2,2,0,0,0,2,0,3,0,8,0,0,2,2,0,0,0,0,1,0,0,9,1,19,0,1,5,2,2,1,0,1,3,0,0,11,2,22,1,0,5,5,1,0,0,1,1,0,0,17,0,14,2,0,8,9,7,1,1,1,1,0,0,17,3,20,7,0,7,7,4,2,1,0,0,0,0,E09000017,Hillingdon,26.638,9807,26.638,9807,3,0.185,7650,3,0.123,9282,3,25.449,10594,4,0.028,15579,5,0.478,9368,3,28.257,8221,3,21.325,14314,5,0.193,10537,4,0.256,6580,3,0.133,13957,5,0.383,7988,3,-0.987,29701,10,3.868,2719,1,-0.201,19642,6,0.85,5235,2,2044,533,1246,265,1251,-0.432245101859523,51.52255513362553,Hillingdon London Boro
72,0,0,0,0,0,0,0,0,0,0,0,0,0,0,0,0,0,0,1,0,0,0,0,0,0,0,0,0,0,0,0,0,0,0,0,0,0,0,0,0,0,0,0,0,0,0,0,0,0,0,0,0,0,0,0,0,0,0,0,0,0,0,0,-0.4818161,51.6028052,0,0,1,1,0,0,0,0,0,0,0,0,0,0,3,0,3,0,0,0,1,0,0,1,0,0,0,0,0,0,0,0,0,1,1,1,0,0,0,0,0,0,5,0,0,1,0,2,0,1,0,0,0,1,0,0,1,0,2,0,0,0,0,0,0,0,0,0,0,0,1,0,2,1,0,1,0,0,0,0,0,0,0,0,1,1,0,0,0,0,0,0,0,0,1,0,0,0,E09000017,Hillingdon,23.701,11576,23.701,11576,4,0.151,10413,4,0.099,12737,4,23.052,11870,4,0.284,11847,4,0.748,5963,2,26.287,9901,4,12.422,21589,7,0.235,7754,3,0.127,16518,6,0.598,7642,3,0.282,18052,6,-0.111,17607,6,2.394,5813,2,-0.439,23086,8,0.158,12752,4,1515,266,859,390,868,-0.482952460503621,51.60015076696991,Hillingdon London Boro
73,0,0,0,0,0,0,0,0,0,0,0,0,0,0,0,0,0,0,0,0,0,0,0,0,0,0,0,1,0,0,0,1,0,0,0,0,1,0,0,0,0,0,0,0,0,0,1,0,0,0,1,0,0,0,0,0,0,0,0,0,0,0,0,-0.4404079,51.6102383,0,0,2,0,0,0,0,0,0,0,0,0,0,0,0,0,8,0,0,0,0,0,0,0,0,0,0,0,0,0,0,0,0,0,0,0,0,0,0,0,0,0,5,2,1,2,1,6,0,0,0,0,0,0,0,0,1,0,1,0,0,3,0,0,0,0,0,0,0,0,1,1,2,0,1,2,0,2,2,4,0,0,0,0,0,0,0,0,0,0,0,0,0,0,0,0,0,0,E09000017,Hillingdon,17.647,16423,17.647,16423,6,0.118,13980,5,0.122,9398,3,7.387,24604,8,0.085,14744,5,-0.86,27893,9,27.853,8561,3,8.68,25433,8,0.089,20991,7,0.152,13919,5,-0.488,23744,8,0.233,23664,8,0.189,12426,4,1.904,7214,3,-0.483,23677,8,-0.28,20005,7,1429,251,736,442,759,-0.438528335212305,51.61424622144268,Hillingdon London Boro
74,0,0,0,0,0,0,0,0,0,0,0,0,0,0,0,0,0,0,0,0,0,0,0,0,0,0,0,0,0,0,1,0,0,1,0,0,0,0,0,1,0,0,0,0,0,0,1,0,2,0,0,0,0,0,0,0,0,1,0,0,1,0,0,-0.381932,51.559424,0,0,0,0,0,0,0,0,0,0,0,0,0,0,2,0,1,0,0,3,0,2,0,1,0,0,0,0,1,1,0,0,0,0,1,1,0,0,0,0,0,0,1,0,1,1,0,7,0,0,0,1,0,1,0,0,0,0,1,1,0,3,0,0,0,0,0,0,0,0,3,0,5,6,1,2,1,0,1,4,0,0,0,0,5,0,7,1,0,7,1,0,0,1,0,0,0,0,E09000017,Hillingdon,16.8,17182,16.8,17182,6,0.099,16490,6,0.067,19672,6,16.876,15907,5,-0.301,20662,7,-0.06,17551,6,28.655,7925,3,30.401,8580,3,0.125,16544,6,0.167,12538,4,-0.059,17047,6,0.316,14174,5,-0.16,18550,6,2.997,4399,2,0.53,8785,3,0.559,7798,3,1858,398,1143,317,1153,-0.383886044870831,51.55935257395565,Hillingdon London Boro
75,0,0,0,0,0,0,0,0,0,0,1,0,0,0,0,0,0,0,0,0,0,0,0,0,0,0,0,0,0,0,0,0,0,1,0,0,0,0,1,0,0,0,0,0,0,0,0,0,0,0,0,0,0,0,0,0,0,0,0,0,0,0,0,-0.4116086,51.5745751,1,0,2,0,0,0,0,1,0,0,0,0,0,0,3,0,0,1,0,1,0,1,0,1,0,0,0,0,3,1,6,0,0,1,1,0,0,0,1,0,0,0,5,2,4,1,0,3,2,1,0,0,0,1,0,0,10,2,12,2,0,4,1,2,0,5,1,0,0,0,20,2,13,2,0,6,9,6,0,11,0,0,2,0,1,0,4,0,0,4,2,1,0,0,0,0,0,0,E09000017,Hillingdon,10.721,23632,10.721,23632,8,0.087,18284,6,0.048,25480,8,6.877,25167,8,-0.764,26613,9,0.043,16005,5,20.312,16274,5,23.759,12593,4,0.154,13662,5,0.088,21886,7,-0.934,28837,9,0.262,20375,7,-0.65,26243,8,2.09,6668,3,-0.013,16674,6,0.848,5250,2,1887,333,1096,458,1094,-0.415236844526568,51.57329805202672,Hillingdon London Boro
76,0,0,0,0,0,0,0,0,0,0,1,0,0,0,0,0,0,0,0,0,0,0,0,0,0,0,0,0,0,0,0,0,0,1,0,0,0,0,1,0,0,0,0,0,0,0,0,0,0,0,0,0,0,0,0,0,0,0,0,0,0,0,0,-0.4116086,51.5745751,1,0,2,0,0,0,0,1,0,0,0,0,0,0,3,0,0,1,0,1,0,1,0,1,0,0,0,0,3,1,6,0,0,1,1,0,0,0,1,0,0,0,5,2,4,1,0,3,2,1,0,0,0,1,0,0,10,2,12,2,0,4,1,2,0,5,1,0,0,0,20,2,13,2,0,6,9,6,0,11,0,0,2,0,1,0,4,0,0,4,2,1,0,0,0,0,0,0,E09000017,Hillingdon,10.721,23632,10.721,23632,8,0.087,18284,6,0.048,25480,8,6.877,25167,8,-0.764,26613,9,0.043,16005,5,20.312,16274,5,23.759,12593,4,0.154,13662,5,0.088,21886,7,-0.934,28837,9,0.262,20375,7,-0.65,26243,8,2.09,6668,3,-0.013,16674,6,0.848,5250,2,1887,333,1096,458,1094,-0.415236844526568,51.57329805202672,Hillingdon London Boro
77,0,0,0,0,0,0,0,0,0,0,1,0,0,0,0,0,0,0,0,0,0,0,0,0,0,0,0,0,0,0,0,0,0,1,0,0,0,0,1,0,0,0,0,0,0,0,0,0,0,0,0,0,0,0,0,0,0,0,0,0,0,0,0,-0.4116086,51.5745751,1,0,2,0,0,0,0,1,0,0,0,0,0,0,3,0,0,1,0,1,0,1,0,1,0,0,0,0,3,1,6,0,0,1,1,0,0,0,1,0,0,0,5,2,4,1,0,3,2,1,0,0,0,1,0,0,10,2,12,2,0,4,1,2,0,5,1,0,0,0,20,2,13,2,0,6,9,6,0,11,0,0,2,0,1,0,4,0,0,4,2,1,0,0,0,0,0,0,E09000017,Hillingdon,10.721,23632,10.721,23632,8,0.087,18284,6,0.048,25480,8,6.877,25167,8,-0.764,26613,9,0.043,16005,5,20.312,16274,5,23.759,12593,4,0.154,13662,5,0.088,21886,7,-0.934,28837,9,0.262,20375,7,-0.65,26243,8,2.09,6668,3,-0.013,16674,6,0.848,5250,2,1887,333,1096,458,1094,-0.415236844526568,51.57329805202672,Hillingdon London Boro
78,0,0,0,0,0,0,0,0,0,0,1,0,0,0,0,0,0,0,0,0,0,0,0,0,0,0,0,0,0,0,0,0,0,1,0,0,0,0,1,0,0,0,0,0,0,0,0,0,0,0,0,0,0,0,0,0,0,0,0,0,0,0,0,-0.4116086,51.5745751,1,0,2,0,0,0,0,1,0,0,0,0,0,0,3,0,0,1,0,1,0,1,0,1,0,0,0,0,3,1,6,0,0,1,1,0,0,0,1,0,0,0,5,2,4,1,0,3,2,1,0,0,0,1,0,0,10,2,12,2,0,4,1,2,0,5,1,0,0,0,20,2,13,2,0,6,9,6,0,11,0,0,2,0,1,0,4,0,0,4,2,1,0,0,0,0,0,0,E09000017,Hillingdon,10.721,23632,10.721,23632,8,0.087,18284,6,0.048,25480,8,6.877,25167,8,-0.764,26613,9,0.043,16005,5,20.312,16274,5,23.759,12593,4,0.154,13662,5,0.088,21886,7,-0.934,28837,9,0.262,20375,7,-0.65,26243,8,2.09,6668,3,-0.013,16674,6,0.848,5250,2,1887,333,1096,458,1094,-0.415236844526568,51.57329805202672,Hillingdon London Boro
79,0,0,0,0,0,0,0,0,0,0,0,0,0,0,0,0,0,0,0,1,0,0,0,1,0,0,0,0,0,0,0,0,0,0,0,0,0,0,0,0,1,0,0,0,0,0,0,0,0,0,0,0,0,0,2,0,0,0,0,0,0,0,0,-0.4262018,51.614266,0,1,0,0,0,0,0,0,0,0,0,0,0,0,0,0,0,0,0,1,0,1,0,0,0,0,0,0,3,0,1,0,1,4,0,0,1,4,0,0,0,0,1,1,3,1,0,2,1,0,0,0,0,0,0,0,2,2,5,1,0,3,2,1,1,0,0,0,0,0,2,2,3,0,0,1,0,1,0,0,0,0,0,0,7,0,8,0,1,5,1,1,0,0,1,0,0,0,E09000017,Hillingdon,4.554,30955,4.554,30955,10,0.046,27069,9,0.03,30670,10,0.806,32229,10,-1.272,30712,10,-0.382,22201,7,20.79,15724,5,9.188,24900,8,0.062,25291,8,0.054,28323,9,-1.467,31855,10,0.125,31545,10,0.082,14234,5,0.684,11954,4,-0.737,26711,9,0.039,14659,5,1486,256,761,469,798,-0.430033943367991,51.6154798990425,Hillingdon London Boro
80,0,0,0,0,0,0,0,0,0,0,0,0,0,0,0,0,0,0,0,0,0,0,0,0,0,0,0,0,0,0,0,0,0,0,0,0,0,1,1,0,0,0,0,0,0,0,0,0,0,0,0,0,0,0,0,0,0,0,1,0,0,0,0,-0.4161262,51.5655282,0,0,0,0,0,0,0,0,0,0,0,0,0,0,1,0,1,0,0,0,2,0,0,0,0,0,0,0,2,1,1,1,0,2,2,1,0,0,0,0,0,0,4,0,8,0,0,0,4,1,0,0,1,0,0,1,13,1,9,3,0,1,1,1,0,4,0,1,0,0,8,1,12,1,0,4,3,2,0,3,1,0,0,0,9,4,10,3,1,9,3,2,1,4,0,0,0,0,E09000017,Hillingdon,10.44,23956,10.44,23956,8,0.074,20756,7,0.051,24261,8,9.716,22138,7,-0.432,22538,7,-0.264,20535,7,23.622,12522,4,15.788,18589,6,0.123,16767,6,0.089,21840,7,-0.247,20171,7,0.242,22660,7,-0.079,17051,6,1.759,7691,3,-0.392,22433,7,0.485,8560,3,1579,365,961,253,968,-0.416606470001012,51.56527199783285,Hillingdon London Boro
81,0,0,0,0,0,0,0,0,0,0,0,0,0,0,0,0,0,0,0,0,0,0,0,0,0,0,0,0,0,0,0,0,0,0,0,0,0,1,1,0,0,0,0,0,0,0,0,0,0,0,0,0,0,0,0,0,0,0,1,0,0,0,0,-0.4161262,51.5655282,0,0,0,0,0,0,0,0,0,0,0,0,0,0,1,0,1,0,0,0,2,0,0,0,0,0,0,0,2,1,1,1,0,2,2,1,0,0,0,0,0,0,4,0,8,0,0,0,4,1,0,0,1,0,0,1,13,1,9,3,0,1,1,1,0,4,0,1,0,0,8,1,12,1,0,4,3,2,0,3,1,0,0,0,9,4,10,3,1,9,3,2,1,4,0,0,0,0,E09000017,Hillingdon,10.44,23956,10.44,23956,8,0.074,20756,7,0.051,24261,8,9.716,22138,7,-0.432,22538,7,-0.264,20535,7,23.622,12522,4,15.788,18589,6,0.123,16767,6,0.089,21840,7,-0.247,20171,7,0.242,22660,7,-0.079,17051,6,1.759,7691,3,-0.392,22433,7,0.485,8560,3,1579,365,961,253,968,-0.416606470001012,51.56527199783285,Hillingdon London Boro
82,0,0,0,0,0,0,0,0,0,0,0,0,0,0,0,0,0,0,0,0,0,0,0,0,0,0,0,0,0,0,0,0,0,0,0,0,0,1,1,0,0,0,0,0,0,0,0,0,0,0,0,0,0,0,0,0,0,0,1,0,0,0,0,-0.4161262,51.5655282,0,0,0,0,0,0,0,0,0,0,0,0,0,0,1,0,1,0,0,0,2,0,0,0,0,0,0,0,2,1,1,1,0,2,2,1,0,0,0,0,0,0,4,0,8,0,0,0,4,1,0,0,1,0,0,1,13,1,9,3,0,1,1,1,0,4,0,1,0,0,8,1,12,1,0,4,3,2,0,3,1,0,0,0,9,4,10,3,1,9,3,2,1,4,0,0,0,0,E09000017,Hillingdon,10.44,23956,10.44,23956,8,0.074,20756,7,0.051,24261,8,9.716,22138,7,-0.432,22538,7,-0.264,20535,7,23.622,12522,4,15.788,18589,6,0.123,16767,6,0.089,21840,7,-0.247,20171,7,0.242,22660,7,-0.079,17051,6,1.759,7691,3,-0.392,22433,7,0.485,8560,3,1579,365,961,253,968,-0.416606470001012,51.56527199783285,Hillingdon London Boro
83,0,0,0,0,0,0,0,0,0,0,0,0,0,0,0,0,0,0,0,0,0,0,0,0,0,0,0,0,0,0,0,0,0,0,0,0,0,1,1,0,0,0,0,0,0,0,0,0,0,0,0,0,0,0,0,0,0,0,1,0,0,0,0,-0.4161262,51.5655282,0,0,0,0,0,0,0,0,0,0,0,0,0,0,1,0,1,0,0,0,2,0,0,0,0,0,0,0,2,1,1,1,0,2,2,1,0,0,0,0,0,0,4,0,8,0,0,0,4,1,0,0,1,0,0,1,13,1,9,3,0,1,1,1,0,4,0,1,0,0,8,1,12,1,0,4,3,2,0,3,1,0,0,0,9,4,10,3,1,9,3,2,1,4,0,0,0,0,E09000017,Hillingdon,10.44,23956,10.44,23956,8,0.074,20756,7,0.051,24261,8,9.716,22138,7,-0.432,22538,7,-0.264,20535,7,23.622,12522,4,15.788,18589,6,0.123,16767,6,0.089,21840,7,-0.247,20171,7,0.242,22660,7,-0.079,17051,6,1.759,7691,3,-0.392,22433,7,0.485,8560,3,1579,365,961,253,968,-0.416606470001012,51.56527199783285,Hillingdon London Boro
84,0,0,0,0,0,0,0,0,0,0,0,0,0,0,0,0,0,0,0,0,0,0,0,0,0,0,0,0,0,0,1,0,0,0,0,0,0,0,0,0,0,0,0,0,0,0,1,0,0,0,0,0,0,0,0,0,0,0,1,0,0,0,0,-0.4811047,51.5002771,0,0,0,0,0,0,0,0,0,0,0,0,0,0,0,0,0,1,0,2,1,0,0,0,0,0,0,0,0,0,3,1,0,0,0,0,0,0,0,0,0,0,8,0,4,1,0,1,2,2,1,0,0,0,1,0,4,1,2,0,0,2,4,2,0,0,0,0,1,0,6,3,21,0,1,4,6,7,1,3,0,2,1,0,10,4,22,2,0,4,2,3,0,1,0,0,0,1,E09000017,Hillingdon,27.692,9202,27.692,9202,3,0.197,6852,3,0.117,10050,4,22.445,12278,4,0.292,11740,4,0.728,6201,2,26.817,9440,3,20.806,14688,5,0.353,2534,1,0.134,15701,5,0.462,9293,3,0.302,15745,5,-0.476,23693,8,3.164,4028,2,-0.136,18586,6,0.719,6324,2,1590,342,916,332,945,-0.480309874905349,51.50152985031974,Hillingdon London Boro
85,0,0,0,0,0,0,0,0,0,0,0,0,0,0,0,0,0,0,0,0,0,1,0,0,0,0,0,0,0,0,0,0,0,0,0,0,0,0,0,1,0,0,0,0,0,0,0,0,0,0,0,0,0,0,0,1,0,1,0,0,1,0,0,-0.3903465,51.5687023,0,0,3,0,0,1,0,0,0,0,0,0,0,0,1,0,0,0,0,1,0,0,0,0,0,0,0,0,0,0,2,2,0,2,0,1,0,0,0,0,0,0,3,1,3,0,0,2,0,0,0,0,0,0,0,0,4,2,6,3,0,4,1,1,0,0,0,0,2,0,6,0,6,0,0,4,2,2,0,2,0,0,0,0,12,2,11,7,1,12,6,3,1,16,1,0,0,0,E09000017,Hillingdon,8.993,25809,8.993,25809,8,0.07,21494,7,0.047,25705,8,6.823,25232,8,-0.438,22614,7,0.15,14300,5,13.278,25081,8,17.127,17485,6,0.09,20864,7,0.092,21236,7,-0.683,26307,9,0.243,22451,7,-1.061,30228,10,0.897,10953,4,-0.202,19653,6,0.412,9354,3,1723,349,937,437,950,-0.39315659559304,51.56825868263529,Hillingdon London Boro
86,0,0,0,0,1,0,0,0,0,0,0,0,0,0,0,0,0,0,0,2,0,0,0,0,0,0,0,0,0,0,0,0,0,0,0,0,0,0,1,0,0,0,0,0,0,0,0,0,0,0,0,0,0,0,0,1,0,0,0,0,0,0,0,-0.433916,51.5718276,1,0,0,0,0,0,0,0,0,0,0,0,0,0,1,0,4,0,0,3,0,0,0,0,0,0,0,0,4,0,1,1,0,2,1,1,0,0,0,0,0,0,3,2,7,2,0,2,1,6,0,1,1,0,0,1,9,0,7,3,0,1,1,0,0,5,0,1,0,0,8,1,5,1,0,3,4,2,0,0,0,1,0,0,4,0,5,1,0,6,4,1,0,1,0,2,0,0,E09000017,Hillingdon,9.06,25715,9.06,25715,8,0.064,22829,7,0.047,25732,8,7.591,24381,8,-0.278,20325,7,-0.752,26802,9,24.69,11435,4,13.156,20902,7,0.083,21910,7,0.133,15845,5,-0.226,19831,7,0.192,27813,9,0.017,15376,5,1.738,7755,3,-0.451,23236,8,0.251,11397,4,1469,271,938,260,952,-0.432147178748525,51.56950755292214,Hillingdon London Boro
87,0,0,0,0,0,0,0,0,0,0,0,0,1,0,0,0,0,0,0,0,0,0,0,0,0,0,0,0,0,0,0,0,0,0,0,0,0,1,0,0,0,0,0,0,0,0,0,0,0,1,0,0,0,0,0,0,0,1,1,2,0,0,0,-0.4752024,51.5022957,0,0,0,1,0,0,0,0,0,0,0,0,0,0,2,0,5,0,0,0,0,1,0,0,0,0,0,0,8,1,1,1,0,0,1,2,1,0,0,0,2,0,3,1,7,1,1,3,5,2,0,0,0,0,0,0,11,2,24,1,0,6,7,8,1,3,0,2,1,0,8,5,23,4,0,8,4,2,1,1,0,1,0,2,8,2,11,3,0,6,5,0,0,7,0,0,0,0,E09000017,Hillingdon,19.294,15013,19.294,15013,5,0.095,17126,6,0.055,22958,7,11.935,20000,7,-0.199,19126,6,1.406,1334,1,19.161,17663,6,34.789,6333,2,0.14,14957,5,0.136,15533,5,-0.458,23312,8,0.299,16090,5,-0.888,28844,9,2.071,6718,3,0.521,8899,3,1.004,4100,2,1673,332,947,394,968,-0.473407640058093,51.50377141969658,Hillingdon London Boro
88,0,0,0,0,0,0,0,0,0,0,0,0,1,0,0,0,0,0,0,0,0,0,0,0,0,0,0,0,0,0,0,0,0,0,0,0,0,1,0,0,0,0,0,0,0,0,0,0,0,1,0,0,0,0,0,0,0,1,1,2,0,0,0,-0.4752024,51.5022957,0,0,0,1,0,0,0,0,0,0,0,0,0,0,2,0,5,0,0,0,0,1,0,0,0,0,0,0,8,1,1,1,0,0,1,2,1,0,0,0,2,0,3,1,7,1,1,3,5,2,0,0,0,0,0,0,11,2,24,1,0,6,7,8,1,3,0,2,1,0,8,5,23,4,0,8,4,2,1,1,0,1,0,2,8,2,11,3,0,6,5,0,0,7,0,0,0,0,E09000017,Hillingdon,19.294,15013,19.294,15013,5,0.095,17126,6,0.055,22958,7,11.935,20000,7,-0.199,19126,6,1.406,1334,1,19.161,17663,6,34.789,6333,2,0.14,14957,5,0.136,15533,5,-0.458,23312,8,0.299,16090,5,-0.888,28844,9,2.071,6718,3,0.521,8899,3,1.004,4100,2,1673,332,947,394,968,-0.473407640058093,51.50377141969658,Hillingdon London Boro
89,0,0,0,0,0,0,0,0,0,0,0,0,1,0,0,0,0,0,0,0,0,0,0,0,0,0,0,0,0,0,0,0,0,0,0,0,0,1,0,0,0,0,0,0,0,0,0,0,0,1,0,0,0,0,0,0,0,1,1,2,0,0,0,-0.4752024,51.5022957,0,0,0,1,0,0,0,0,0,0,0,0,0,0,2,0,5,0,0,0,0,1,0,0,0,0,0,0,8,1,1,1,0,0,1,2,1,0,0,0,2,0,3,1,7,1,1,3,5,2,0,0,0,0,0,0,11,2,24,1,0,6,7,8,1,3,0,2,1,0,8,5,23,4,0,8,4,2,1,1,0,1,0,2,8,2,11,3,0,6,5,0,0,7,0,0,0,0,E09000017,Hillingdon,19.294,15013,19.294,15013,5,0.095,17126,6,0.055,22958,7,11.935,20000,7,-0.199,19126,6,1.406,1334,1,19.161,17663,6,34.789,6333,2,0.14,14957,5,0.136,15533,5,-0.458,23312,8,0.299,16090,5,-0.888,28844,9,2.071,6718,3,0.521,8899,3,1.004,4100,2,1673,332,947,394,968,-0.473407640058093,51.50377141969658,Hillingdon London Boro
90,0,0,0,0,0,0,0,0,0,0,0,0,1,0,0,0,0,0,0,0,0,0,0,0,0,0,0,0,0,0,0,0,0,0,0,0,0,1,0,0,0,0,0,0,0,0,0,0,0,1,0,0,0,0,0,0,0,1,1,2,0,0,0,-0.4752024,51.5022957,0,0,0,1,0,0,0,0,0,0,0,0,0,0,2,0,5,0,0,0,0,1,0,0,0,0,0,0,8,1,1,1,0,0,1,2,1,0,0,0,2,0,3,1,7,1,1,3,5,2,0,0,0,0,0,0,11,2,24,1,0,6,7,8,1,3,0,2,1,0,8,5,23,4,0,8,4,2,1,1,0,1,0,2,8,2,11,3,0,6,5,0,0,7,0,0,0,0,E09000017,Hillingdon,19.294,15013,19.294,15013,5,0.095,17126,6,0.055,22958,7,11.935,20000,7,-0.199,19126,6,1.406,1334,1,19.161,17663,6,34.789,6333,2,0.14,14957,5,0.136,15533,5,-0.458,23312,8,0.299,16090,5,-0.888,28844,9,2.071,6718,3,0.521,8899,3,1.004,4100,2,1673,332,947,394,968,-0.473407640058093,51.50377141969658,Hillingdon London Boro
91,0,0,0,0,0,0,0,0,0,0,0,0,0,0,0,0,0,0,0,0,0,0,0,0,0,0,0,0,1,0,0,0,1,0,0,0,0,0,0,0,0,1,0,0,0,0,0,0,0,0,0,0,0,0,0,0,0,0,1,0,0,0,0,-0.4168884,51.6158493,0,0,0,0,0,0,1,0,0,0,0,0,0,0,0,0,0,0,0,0,1,0,0,0,0,0,0,0,1,1,2,0,0,0,0,0,0,0,0,0,0,0,3,3,2,0,1,2,1,1,1,4,0,0,0,0,0,0,2,0,0,4,0,1,0,0,0,0,0,0,3,1,3,0,0,6,0,2,1,0,0,0,0,0,6,1,1,1,0,2,1,2,0,0,3,0,0,0,E09000017,Hillingdon,9.978,24561,9.978,24561,8,0.083,19055,6,0.063,20625,7,2.749,30032,10,-0.317,20923,7,-0.499,23777,8,23.462,12710,4,8.477,25664,8,0.089,20954,7,0.113,18176,6,-0.948,28941,9,0.174,29252,9,0.016,15400,5,1.476,8664,3,-1.449,31362,10,0.235,11635,4,1317,239,708,370,748,-0.418552940571131,51.61464757389486,Hillingdon London Boro
92,0,0,0,0,0,0,0,0,0,0,0,0,0,0,0,0,0,0,0,1,0,0,0,1,0,0,0,0,0,0,0,0,0,0,0,0,0,0,0,0,0,0,0,0,0,0,0,0,0,1,0,0,0,0,0,0,0,0,0,1,0,0,0,-0.4224348,51.6141885,0,0,0,0,0,0,0,0,0,0,0,0,0,0,1,1,0,0,0,0,0,0,0,0,0,0,0,0,1,0,3,0,1,2,1,1,1,4,0,0,0,0,3,2,2,0,0,3,2,0,0,0,0,0,0,0,1,2,2,1,0,5,0,2,1,0,0,0,0,0,5,1,5,1,0,4,1,1,0,0,1,0,0,0,5,0,8,1,0,2,0,2,0,0,2,0,0,0,E09000017,Hillingdon,9.978,24561,9.978,24561,8,0.083,19055,6,0.063,20625,7,2.749,30032,10,-0.317,20923,7,-0.499,23777,8,23.462,12710,4,8.477,25664,8,0.089,20954,7,0.113,18176,6,-0.948,28941,9,0.174,29252,9,0.016,15400,5,1.476,8664,3,-1.449,31362,10,0.235,11635,4,1317,239,708,370,748,-0.418552940571131,51.61464757389486,Hillingdon London Boro
93,0,0,0,0,0,0,0,0,0,0,0,0,0,0,0,0,0,0,0,0,0,0,1,0,0,0,0,0,1,0,0,0,0,0,0,0,1,0,0,0,0,1,0,0,0,1,0,0,0,0,0,0,0,0,0,0,0,0,0,0,0,0,0,-0.4339678,51.6123658,0,0,0,0,0,0,0,0,0,0,0,0,0,0,0,0,0,0,0,2,0,0,0,0,0,0,0,0,1,1,3,1,0,1,0,0,0,0,0,0,0,0,3,1,10,1,1,5,0,1,1,4,0,0,0,0,2,0,1,0,1,3,0,1,1,0,0,0,0,0,2,1,1,0,0,0,1,0,0,0,0,0,0,0,6,1,3,0,0,2,3,1,0,0,1,0,0,0,E09000017,Hillingdon,17.647,16423,17.647,16423,6,0.118,13980,5,0.122,9398,3,7.387,24604,8,0.085,14744,5,-0.86,27893,9,27.853,8561,3,8.68,25433,8,0.089,20991,7,0.152,13919,5,-0.488,23744,8,0.233,23664,8,0.189,12426,4,1.904,7214,3,-0.483,23677,8,-0.28,20005,7,1429,251,736,442,759,-0.438528335212305,51.61424622144268,Hillingdon London Boro
94,0,0,0,0,0,0,0,0,0,0,0,0,0,0,0,0,0,0,0,0,0,0,0,0,0,0,0,0,0,0,1,0,0,0,0,0,0,0,1,0,1,0,0,0,0,0,0,0,0,0,0,0,0,0,0,1,0,0,0,1,0,0,0,-0.4379929,51.54328,0,0,0,0,0,0,0,0,0,0,0,0,0,0,0,0,0,0,0,0,0,1,0,0,0,0,0,0,4,1,2,2,0,1,1,1,0,0,0,0,0,0,0,1,2,0,0,1,0,0,0,0,0,0,0,0,0,0,10,8,0,3,1,0,0,0,1,0,0,0,2,1,4,1,0,2,2,1,2,0,0,1,0,0,5,1,5,3,0,2,0,3,0,6,0,0,0,0,E09000017,Hillingdon,19.651,14666,19.651,14666,5,0.133,12201,4,0.11,11074,4,18.913,14460,5,-0.114,17804,6,0.11,14978,5,22.877,13340,5,16.269,18184,6,0.134,15545,5,0.175,11835,4,0.006,15985,5,0.331,12595,4,-0.957,29481,9,2.888,4634,2,-0.382,22310,7,0.528,8105,3,1870,533,1018,319,1013,-0.440118768874891,51.54323743678891,Hillingdon London Boro
95,0,0,0,0,0,0,0,0,0,0,0,0,0,0,0,0,0,0,0,0,0,0,0,0,0,0,0,0,0,0,0,1,0,0,0,0,0,0,0,0,0,0,0,0,0,0,0,1,2,1,0,0,0,0,1,0,0,0,0,0,0,0,0,-0.4500148,51.5346341,0,0,0,0,0,0,0,0,0,0,0,0,0,0,1,2,2,0,0,1,0,0,0,6,0,1,0,0,4,0,4,1,0,2,6,3,2,1,0,0,0,0,2,1,6,1,0,1,1,0,1,0,0,0,0,0,14,1,5,7,0,2,3,2,0,0,1,1,1,0,10,0,19,3,0,4,6,4,0,0,1,3,0,0,16,2,16,4,0,4,0,2,0,0,0,1,0,0,E09000017,Hillingdon,26.837,9683,26.837,9683,3,0.169,8912,3,0.111,10869,4,23.665,11524,4,0.228,12671,4,0.865,4746,2,30.028,6951,3,17.925,16874,6,0.251,6871,3,0.149,14215,5,0.129,14008,5,0.366,9366,3,-0.843,28415,9,4.04,2390,1,-0.323,21504,7,0.649,6962,3,1663,389,1071,203,1045,-0.447429505900929,51.53335481201508,Hillingdon London Boro
96,0,0,0,0,0,0,0,0,0,0,0,0,0,0,0,0,0,0,0,0,0,0,0,0,0,0,0,1,0,0,0,0,0,0,0,0,0,0,0,0,0,0,0,0,0,0,0,0,0,0,0,0,0,0,0,0,0,0,0,0,0,0,0,-0.4146145,51.5231097,0,0,1,0,0,0,0,0,0,0,0,0,0,0,1,1,2,0,0,0,1,1,0,0,0,0,0,0,13,0,10,1,0,6,0,6,1,1,1,2,0,0,12,0,24,2,1,11,1,2,1,0,1,0,0,0,18,1,12,4,0,7,2,7,1,9,0,1,0,0,13,2,27,7,2,11,7,7,0,2,1,2,0,0,30,9,28,5,0,6,7,5,2,0,2,3,2,1,E09000017,Hillingdon,21.185,13411,21.185,13411,5,0.107,15383,5,0.073,18040,6,21.479,12869,4,-0.096,17499,6,1.06,3082,1,28.949,7707,3,20.915,14614,5,0.104,18916,6,0.175,11889,4,0.051,15225,5,0.353,10496,4,-0.318,21191,7,3.331,3702,2,-0.354,21909,7,0.965,4395,2,1843,383,1203,257,1219,-0.413718082215814,51.52234200210727,Hillingdon London Boro
97,0,0,0,0,0,0,0,0,0,0,0,0,0,0,0,0,0,0,0,0,0,0,0,0,0,0,0,0,1,0,0,0,1,0,0,0,0,0,0,0,0,0,0,0,0,0,0,0,0,1,0,0,0,0,0,2,0,0,0,0,0,0,0,-0.4459164,51.5580224,0,0,0,0,0,0,0,0,0,0,0,0,0,0,1,0,1,0,0,1,0,0,0,0,0,0,0,0,0,0,3,0,0,1,0,1,0,0,0,0,0,0,2,1,2,1,0,4,2,0,0,0,0,1,0,0,0,0,2,3,0,0,1,2,0,0,0,0,0,0,1,3,9,1,0,2,1,3,0,1,0,0,0,1,4,0,4,4,0,2,1,3,0,0,0,0,0,0,E09000017,Hillingdon,7.321,27916,7.321,27916,9,0.044,27614,9,0.05,24733,8,3.341,29327,9,-1.009,28904,9,-0.838,27678,9,29.723,7163,3,10.789,23226,8,0.038,29404,9,0.061,26907,9,-1.227,30833,10,0.211,26058,8,0.611,6690,3,0.818,11301,4,-0.951,28654,9,0.34,10234,4,1608,281,884,443,876,-0.450666710035936,51.55697675013643,Hillingdon London Boro
98,0,0,0,0,0,0,0,0,0,0,0,0,0,0,0,0,0,0,0,0,0,0,0,0,0,0,0,0,0,0,0,0,1,0,0,0,0,1,0,0,0,0,0,0,0,0,0,0,0,0,0,0,0,0,0,0,0,0,0,1,0,0,0,-0.413123,51.608686,0,0,0,0,0,0,0,1,0,0,0,0,0,0,2,1,1,0,0,3,1,0,0,0,0,0,0,0,2,1,1,0,0,1,0,1,0,0,0,0,0,0,6,2,7,1,1,5,2,2,0,0,3,0,0,0,6,1,5,0,1,4,4,3,3,6,0,1,0,0,3,1,2,0,0,1,1,3,0,0,0,0,0,0,0,0,1,0,0,3,0,0,0,0,0,0,0,0,E09000017,Hillingdon,3.114,32164,3.114,32164,10,0.026,31534,10,0.026,31455,10,0.862,32167,10,-1.027,29041,9,-0.641,25545,8,17.452,19854,7,10.006,24055,8,0.025,31349,10,0.051,29023,9,-1.525,32020,10,0.135,31227,10,-0.013,15914,5,0.149,14423,5,-0.727,26594,9,0.124,13250,5,1610,276,848,486,871,-0.409882978029008,51.61024964237766,Hillingdon London Boro
99,0,0,0,0,0,0,0,0,0,0,0,0,0,0,0,0,0,0,0,0,0,0,0,0,0,0,0,0,0,0,0,0,0,0,0,0,0,0,0,0,0,0,0,0,0,1,0,1,1,0,0,0,0,0,0,0,0,1,0,0,0,0,0,-0.4382355,51.525852,0,0,0,0,0,0,0,0,0,0,0,0,0,0,1,0,3,1,0,0,0,1,0,0,0,1,0,0,4,2,1,1,0,0,3,0,2,0,0,2,2,0,8,1,16,2,1,8,3,1,0,0,2,1,0,0,17,0,16,0,0,3,9,2,2,1,0,1,0,0,7,2,28,1,0,7,5,5,2,6,0,0,0,0,12,4,31,4,0,8,5,10,0,0,1,4,0,0,E09000017,Hillingdon,13.735,20224,13.735,20224,7,0.08,19571,6,0.075,17601,6,13.32,18755,6,-0.838,27380,9,0.144,14414,5,25.0,11114,4,20.645,14799,5,0.095,20144,7,0.071,24990,8,-1.25,30954,10,0.351,10649,4,-0.212,19449,6,2.362,5905,2,-0.024,16847,6,0.545,7926,3,1668,340,1007,321,1010,-0.434432661534161,51.52767217152363,Hillingdon London Boro
100,0,0,0,0,0,0,0,0,0,0,0,0,0,0,0,0,0,0,0,0,0,0,0,0,0,0,0,0,0,0,0,0,0,0,0,0,0,0,0,0,0,0,0,0,0,1,0,1,1,0,0,0,0,0,0,0,0,1,0,0,0,0,0,-0.4382355,51.525852,0,0,0,0,0,0,0,0,0,0,0,0,0,0,1,0,3,1,0,0,0,1,0,0,0,1,0,0,4,2,1,1,0,0,3,0,2,0,0,2,2,0,8,1,16,2,1,8,3,1,0,0,2,1,0,0,17,0,16,0,0,3,9,2,2,1,0,1,0,0,7,2,28,1,0,7,5,5,2,6,0,0,0,0,12,4,31,4,0,8,5,10,0,0,1,4,0,0,E09000017,Hillingdon,13.735,20224,13.735,20224,7,0.08,19571,6,0.075,17601,6,13.32,18755,6,-0.838,27380,9,0.144,14414,5,25.0,11114,4,20.645,14799,5,0.095,20144,7,0.071,24990,8,-1.25,30954,10,0.351,10649,4,-0.212,19449,6,2.362,5905,2,-0.024,16847,6,0.545,7926,3,1668,340,1007,321,1010,-0.434432661534161,51.52767217152363,Hillingdon London Boro
101,0,0,0,0,0,0,0,0,0,0,0,0,0,0,0,0,0,0,0,0,0,0,0,0,0,0,0,0,0,0,0,0,0,0,0,0,0,0,0,0,0,0,0,0,0,1,0,1,1,0,0,0,0,0,0,0,0,1,0,0,0,0,0,-0.4382355,51.525852,0,0,0,0,0,0,0,0,0,0,0,0,0,0,1,0,3,1,0,0,0,1,0,0,0,1,0,0,4,2,1,1,0,0,3,0,2,0,0,2,2,0,8,1,16,2,1,8,3,1,0,0,2,1,0,0,17,0,16,0,0,3,9,2,2,1,0,1,0,0,7,2,28,1,0,7,5,5,2,6,0,0,0,0,12,4,31,4,0,8,5,10,0,0,1,4,0,0,E09000017,Hillingdon,13.735,20224,13.735,20224,7,0.08,19571,6,0.075,17601,6,13.32,18755,6,-0.838,27380,9,0.144,14414,5,25.0,11114,4,20.645,14799,5,0.095,20144,7,0.071,24990,8,-1.25,30954,10,0.351,10649,4,-0.212,19449,6,2.362,5905,2,-0.024,16847,6,0.545,7926,3,1668,340,1007,321,1010,-0.434432661534161,51.52767217152363,Hillingdon London Boro
102,0,0,0,0,0,0,0,0,0,0,0,0,0,0,0,0,0,0,0,0,0,0,0,0,0,0,0,0,0,0,0,0,0,0,0,0,0,0,0,0,0,0,0,0,0,1,0,1,1,0,0,0,0,0,0,0,0,1,0,0,0,0,0,-0.4382355,51.525852,0,0,0,0,0,0,0,0,0,0,0,0,0,0,1,0,3,1,0,0,0,1,0,0,0,1,0,0,4,2,1,1,0,0,3,0,2,0,0,2,2,0,8,1,16,2,1,8,3,1,0,0,2,1,0,0,17,0,16,0,0,3,9,2,2,1,0,1,0,0,7,2,28,1,0,7,5,5,2,6,0,0,0,0,12,4,31,4,0,8,5,10,0,0,1,4,0,0,E09000017,Hillingdon,13.735,20224,13.735,20224,7,0.08,19571,6,0.075,17601,6,13.32,18755,6,-0.838,27380,9,0.144,14414,5,25.0,11114,4,20.645,14799,5,0.095,20144,7,0.071,24990,8,-1.25,30954,10,0.351,10649,4,-0.212,19449,6,2.362,5905,2,-0.024,16847,6,0.545,7926,3,1668,340,1007,321,1010,-0.434432661534161,51.52767217152363,Hillingdon London Boro
